{
  "battleCombiner_1_name": "Devastator",
  "battleCombiner_1_desc": "Defeat Constructions to collect Cyberkey",
  "battleCombiner_2_name": "Menasor",
  "battleCombiner_2_desc": "Defeat Menasor to collect Cyberkey",
  "battleCombiner_3_name": "Superion",
  "battleCombiner_3_desc": "Defeat Aerialbots to collect Cyberkey",
  "battleCombiner_4_name": "Bruticus",
  "battleCombiner_4_desc": "Defeat Combaticons to collect Cyberkey",
  "trial_desc": "Trial",
  "trial_1_name": "A Trial",
  "trial_2_name": "C Trial",
  "trial_3_name": "B Trial",
  "trial_4_name": "A Trial",
  "trial_5_name": "S Trial",
  "initHero_1_desc": "Ability: Deal damage to front enemies",
  "initHero_2_desc": "Ability: Recover HP of front members",
  "initHero_3_desc": "Ability: Deal damage to rear enemies",
  "c_funcOpen_loginBonus": "Daily Login Bonus Unlocked",
  "c_funcOpen_worldBoss": "World Boss Unlocked",
  "c_funcOpen_friend": "Alliance Unlocked",
  "c_funcOpen_tech": "Tech Unlocked",
  "c_funcOpen_spark": "Cyberkey Unlocked",
  "c_funcOpen_battleTower": "Tower Unlocked",
  "c_funcOpen_combiner": "Combiner Unlocked",
  "c_funcOpen_skill": "Ability Unlocked",
  "c_funcOpen_training": "Training Unlocked",
  "c_funcOpen_pvp": "Arena Unlocked",
  "c_funcOpen_resource": "Production Unlocked",
  "c_funcOpen_operator": "HQ Unlocked",
  "c_funcOpen_sparkRob": "Ability Compete Unlocked",
  "c_funcOpen_league": "Union Unlocked",
  "c_funcOpen_skillUpgrade": "Ability Upgrade Unlocked",
  "c_funcOpen_sparkExchange": "Cyberkey Exchange Unlocked",
  "c_funcOpen_evolve": "character Evolve Unlocked",
  "c_funcOpen_sparkFuse": "Cyberkey Merge Unlocked",
  "c_funcOpen_develop": "character Develop Unlocked",
  "c_funcOpen_impart": "character Descendant Unlocked",
  "c_funcOpen_chip": "Chip Unlocked",
  "c_funcOpen_chipFuse": "Chip Merge Unlocked",
  "c_funcOpen_missionTrial": "Trial Unlocked",
  "c_funcOpen_missionCombiner": "Combiner Raid Unlocked",
  "c_funcOpen_levelUpBonus": "Lv Pack Unlocked",
  "c_funcOpen_heroUpdate": "Rarity Up Unlocked",
  "monthCard_name": "Month Card",
  "monthCard_desc": "Month Card Description",
  "dailyQuest_login": "Login the game",
  "dailyQuest_onlineGift": "Collect online gift",
  "dailyQuest_gacha": "Use Space Bridge",
  "dailyQuest_rechageEnergy": "Recharge in Recharging Chamber",
  "dailyQuest_greet": "Cheer your allies",
  "dailyQuest_speaker": "Chat with broadcast item",
  "dailyQuest_missionnormal": "Win in Campaign(Normal)",
  "dailyQuest_missionhard": "Win in Campaign(Elite)",
  "dailyQuest_missionelite": "Win in Campaign(Hero)",
  "dailyQuest_robSpark": "Take part in Ability Compete",
  "dailyQuest_worldBoss": "Attack World Boss",
  "dailyQuest_towerFight": "Battle in the Tower",
  "dailyQuest_combinerFight": "Take part in Combiner Raid",
  "dailyQuest_trailFight": "Win in Trials",
  "dailyQuest_energon": "Produce Energon",
  "dailyQuest_techUpgrade": "Upgrade a Tech",
  "dailyQuest_training": "Train in the training room",
  "dailyQuest_develop": "Develop a character",
  "dailyQuest_evolve": "Evolve a character",
  "dailyQuest_equipUpgrade": "Enhance equipment",
  "dailyQuest_skillLevelUp": "Upgrade a ability",
  "dailyQuest_fuseChip": "Merge chips",
  "friendInvitation_description_1": "Invitation Bonus\n\nInvitee Bonus：Input inviting code within\n[color=FFFFF400]#{0}hours[/color]after signing up to claim Invitee Bonus：\n",
  "friendInvitation_description_2": "\nInviter Bonus：\nSend your inviting code to your friend. When he inputs the code and turns to [color=FFFFF400]#Lv{0}[/color], you succeed to invite one friend. You can claim the bonus after you successfully invite a certain number of friends：\n",
  "friendInvitation_sub_description_1": "[color=FFFFF400]#{0}x#{1}[/color]\n",
  "friendInvitation_sub_description_2": "Successfully inviting[color=FFFFF400]#{0}friends[/color]：[color=FFFFF400]#{1}Cyberkeyx#{2}[/color]\n"
}