{
  "item_211001_name": "Miniature Hydrogen Bomb Launcher",
  "item_211002_name": "Positron Shoulder Cannon",
  "item_211003_name": "Double-holstered Positron Rifle",
  "item_211004_name": "Positron Sniper Rifle",
  "item_211005_name": "Electronic Railgun",
  "item_211006_name": "Thermonuclear Ion Cannon",
  "item_211007_name": "Fusion Energy-gathered Cannon",
  "item_211008_name": "12-shot Photon Cannon",
  "item_211009_name": "Helix Hydrion Rifle",
  "item_211010_name": "Magnetic Missile",
  "item_211101_name": "Impulse Raster Gun",
  "item_211102_name": "Multi-ray Cannon",
  "item_211103_name": "Photon Impulse Pistol",
  "item_211104_name": "Electronic Interference Gun",
  "item_211105_name": "Neutrino Rifle",
  "item_211106_name": "Gamma Gun",
  "item_211107_name": "High Energy-gathered Photon Cannon",
  "item_211108_name": "3-shot Impulse Shoulder Cannon",
  "item_211109_name": "3-shot Laser Barbette",
  "item_211110_name": "AP Grenade Cannon",
  "item_211201_name": "Laser Rifle",
  "item_211202_name": "Laser RF Rifle",
  "item_211203_name": "Neon Ray Shoulder Cannon",
  "item_211204_name": "High Frequency Laser Rifle",
  "item_211205_name": "Shot Cannon",
  "item_211206_name": "Metal Shock Drilling",
  "item_211207_name": "Ray Longbow",
  "item_211208_name": "Magnetic Pliers",
  "item_211209_name": "Plasma Field Sword",
  "item_211210_name": "Unimolecule Shock Blade",
  "item_211301_name": "Vulcan Nose Cannon",
  "item_211302_name": "Laser Shoulder Cannon",
  "item_211303_name": "Flame Thrower",
  "item_211304_name": "Particle Cannon",
  "item_211305_name": "3-shot Laser Gun",
  "item_211306_name": "Laser Grenade Cannon",
  "item_211307_name": "Laser Pistol",
  "item_211308_name": "2-shot Grenade Cannon",
  "item_211309_name": "Flare Glaive",
  "item_211310_name": "Gale Double Blade",
  "item_211401_name": "Bazooka",
  "item_211402_name": "Sniper Rifle",
  "item_211403_name": "Gatling Gun",
  "item_211404_name": "Pistol",
  "item_211405_name": "Energon Hammer",
  "item_211406_name": "Long Sword",
  "item_211407_name": "Energon Chainsaw",
  "item_211408_name": "Axe",
  "item_211409_name": "Mace",
  "item_211410_name": "Dagger",
  "item_212001_name": "Cybertron Guardian",
  "item_212002_name": "Wheel Thorn Shield",
  "item_212003_name": "Polarity Deflection Shield",
  "item_212004_name": "Electron Spoiler",
  "item_212005_name": "Leader Shield",
  "item_212006_name": "Lord Cert",
  "item_212007_name": "Peace Maker",
  "item_212008_name": "Firm Shield",
  "item_212009_name": "Trion Heritage",
  "item_212010_name": "Earth Defender",
  "item_212101_name": "Triangle Gear Plus",
  "item_212102_name": "Triangle Gear",
  "item_212103_name": "Magnetic Spinning Shield",
  "item_212104_name": "Hot Wind Spinning Shield",
  "item_212105_name": "Tungsten Steel Armour",
  "item_212106_name": "Plasma Shield",
  "item_212107_name": "Carbonization Crystal Shield",
  "item_212108_name": "RB-08 ANTI-CRI Shield",
  "item_212109_name": "Mysterious Shield",
  "item_212110_name": "Carbon Armour",
  "item_212201_name": "Titanium Alloy Armour",
  "item_212202_name": "Permanent Magnet Armour",
  "item_212203_name": "Gatling Shield",
  "item_212204_name": "Gatling Shield MK2",
  "item_212205_name": "Silent Guardian",
  "item_212206_name": "Polymerization Shield",
  "item_212207_name": "Machinery Shield",
  "item_212208_name": "ANTI-CRI Big Shield",
  "item_212209_name": "Missile Defend Device",
  "item_212210_name": "Defend Force Field",
  "item_212301_name": "Spinning Shield Plus",
  "item_212302_name": "Spinning Shield",
  "item_212303_name": "All-reflection Shield",
  "item_212304_name": "Radiation Sorption Shield",
  "item_212305_name": "Cold Memory",
  "item_212306_name": "Gold Shield",
  "item_212307_name": "PX009 Armor",
  "item_212308_name": "Microwave Shield",
  "item_212309_name": "Reaction Armour",
  "item_212310_name": "Aurora Rampart",
  "item_212401_name": "Heat Resistant Armor",
  "item_212402_name": "Tenacity Rampart",
  "item_212403_name": "Dark Shield",
  "item_212404_name": "Graphite Fiber Shield",
  "item_212405_name": "Silver Shield",
  "item_212406_name": "Iron Parclose",
  "item_212407_name": "Sapphire Defender",
  "item_212408_name": "Electronic Protection Device",
  "item_212409_name": "Nanometer Fiber Armour",
  "item_212410_name": "Justice Parclose",
  "item_213001_name": "Back Pack Rocket",
  "item_213002_name": "Back Aircraft",
  "item_213003_name": "Paraglider",
  "item_213004_name": "Jet-propelled Flying Board",
  "item_213005_name": "Turbo Boost",
  "item_213006_name": "Turbo Pressure Thrower",
  "item_213007_name": "Stereometric Thrower",
  "item_213008_name": "High-mobile Flying Board",
  "item_213009_name": "Armed Flying Board",
  "item_213010_name": "Clutch Type Aircraft",
  "item_213101_name": "Ram-type Engine",
  "item_213102_name": "High-speed Pulley",
  "item_213103_name": "Glide Flying Board",
  "item_213104_name": "Void Deflection Device",
  "item_213105_name": "Waist Jet Device",
  "item_213106_name": "Taper Particle Boost",
  "item_213107_name": "Bird Type Boost",
  "item_213108_name": "Mobile Aircraft",
  "item_213109_name": "Double Turbo Flying Pedal",
  "item_213110_name": "Particle Jet Aircraft",
  "item_213201_name": "Arbitrament Wing",
  "item_213202_name": "Nitrogen Jet Device",
  "item_213203_name": "Back Pack Jet Device",
  "item_213204_name": "Carrying Type Aircraft",
  "item_213205_name": "Double Stoves Aircraft",
  "item_213206_name": "Freedom Wing",
  "item_213207_name": "GX01 Thrower",
  "item_213208_name": "GX01 Thrower Plus",
  "item_213209_name": "Void Boost",
  "item_213210_name": "Air Dance",
  "item_213301_name": "Hurricane Speed",
  "item_213302_name": "Luminous Boost",
  "item_213303_name": "Particle Jet Device",
  "item_213304_name": "Nuclear Aircraft",
  "item_213305_name": "Light Wrap Aircraft",
  "item_213306_name": "Antimatter Boost",
  "item_213307_name": "Particle Thrower",
  "item_213308_name": "Laser Aircraft",
  "item_213309_name": "High-speed Flying Pedal",
  "item_213310_name": "Cannon Aircraft",
  "item_213401_name": "Aurora Pedal",
  "item_213402_name": "Particle Jet Device",
  "item_213403_name": "Power Launch Device",
  "item_213404_name": "Sonic Wrap Device",
  "item_213405_name": "Light Wheel",
  "item_213406_name": "Antigravity Boost",
  "item_213407_name": "Super Power Boost",
  "item_213408_name": "Shadow",
  "item_213409_name": "Flash",
  "item_213410_name": "Thunder",
  "item_211501_name": "Dragon Rage",
  "item_211502_name": "Director's Laser Blade",
  "item_211503_name": "Skyshatter Power",
  "item_211504_name": "Plague Cleaver",
  "item_211505_name": "Bumblebee Sting",
  "item_211506_name": "Scorpio Assemble",
  "item_211507_name": "Kun Cannon",
  "item_211508_name": "Phantom Laser Sword",
  "item_211509_name": "Pease Gun",
  "item_211510_name": "Ultimate Depth",
  "item_211511_name": "Ultima Shadow Cannon",
  "item_211512_name": "Stove Poker",
  "item_211513_name": "Thor's Hammer",
  "item_211514_name": "Manna From Heaven",
  "item_211515_name": "Thor's Hammer",
  "item_211516_name": "Nunchakus",
  "item_211517_name": "Xuanyuan Sword",
  "item_211518_name": "Skyscraper",
  "item_211519_name": "Adolf's Blade",
  "item_211520_name": "Hurricane",
  "item_213501_name": "Dragon Hover",
  "item_213502_name": "Director's Rocket Boots",
  "item_213503_name": "Skyshatter Speed",
  "item_213504_name": "Plague Running Shoes",
  "item_213505_name": "Bumblebee Wing",
  "item_213506_name": "Scorpio Light",
  "item_213507_name": "Roc Wings Spread",
  "item_213508_name": "Bamboo-copter",
  "item_213509_name": "Pease Shoes",
  "item_213510_name": "Cloud Feather",
  "item_213511_name": "Ultima Shadow Wings",
  "item_213512_name": "Seesaw",
  "item_213513_name": "Iserlohn",
  "item_213514_name": "Power From Heaven",
  "item_213515_name": "Punching Machine",
  "item_213516_name": "Fabric Shoes",
  "item_213517_name": "Somersault Cloud",
  "item_213518_name": "Faith",
  "item_213519_name": "Adolf's Aircraft",
  "item_213520_name": "Lightning",
  "item_212501_name": "Dragon Guard",
  "item_212502_name": "Ultima Shadow Shield",
  "item_221003_name": "Fire-ball Bomb",
  "item_221004_name": "Dry Ice Attack",
  "item_221005_name": "Energon Beam",
  "item_221006_name": "Punch Attack",
  "item_221011_name": "Electronic Shock Wave",
  "item_221012_name": "Hydrochloric Bomb",
  "item_221013_name": "Flame Strafe",
  "item_221021_name": "Assassin",
  "item_221022_name": "Precise Sniper",
  "item_221023_name": "Tomahawk Missile",
  "item_221024_name": "Impulse Beam",
  "item_221031_name": "Combination Blow",
  "item_221032_name": "Blind Beam",
  "item_221033_name": "Rocket Bomb",
  "item_221034_name": "Energon Impulse",
  "item_221041_name": "Long-range Strike",
  "item_221042_name": "Electronic Impulse Bomb",
  "item_221043_name": "Freezing Wave",
  "item_221044_name": "High Energy Particle Bomb",
  "item_221051_name": "Heat Laser",
  "item_221052_name": "Ball Lightning",
  "item_221053_name": "Antimatter Shock",
  "item_221054_name": "Gaea Impact",
  "item_221061_name": "Flame Fog",
  "item_221062_name": "Thunder Attack",
  "item_221063_name": "Ice Beam",
  "item_221064_name": "Sound Wave Bomb",
  "item_221071_name": "Sonic Strike",
  "item_221072_name": "Prism Reflection",
  "item_221073_name": "Electronic Storm",
  "item_221074_name": "Acetylene Flame",
  "item_221081_name": "Anger of Titan",
  "item_221082_name": "Positron Ray",
  "item_221083_name": "Mobile Nuclear Bomb",
  "item_221084_name": "Absolute Zero",
  "item_221101_name": "First-aid",
  "item_221102_name": "Emergency Treatment",
  "item_221103_name": "Rest All",
  "item_221111_name": "Electronic Interference",
  "item_221112_name": "Teeter",
  "item_221113_name": "Subzero Zone",
  "item_221121_name": "Sound Wave Shock",
  "item_221122_name": "Expose Weak Point",
  "item_221123_name": "Acid Pollution",
  "item_221124_name": "Corrosion Acid",
  "item_221131_name": "Interference Ray",
  "item_221132_name": "Flame Retardant",
  "item_221133_name": "High-energy Magnetic Field",
  "item_221134_name": "Mischief",
  "item_222001_name": "Rich Experience",
  "item_222002_name": "Battle-scarred",
  "item_222003_name": "Do More with Less",
  "item_222004_name": "Old Soldiers Never Die",
  "item_222011_name": "Rolling",
  "item_222012_name": "Speculator",
  "item_222013_name": "Money Talks",
  "item_222014_name": "Quantitative Easing",
  "item_222021_name": "Intensive Training",
  "item_222022_name": "Test of Faith",
  "item_222023_name": "Well Trained",
  "item_222024_name": "Senior Instructor",
  "item_222031_name": "Rapid Research",
  "item_222032_name": "Integrated Circuit",
  "item_222033_name": "Cloud Computing",
  "item_222034_name": "Light of Technology",
  "item_223001_name": "Bellow of Tyrannosaurus",
  "item_223002_name": "Explosion of Aerolite",
  "item_223003_name": "Explosion of the Sun",
  "item_223004_name": "Darkly Energon Cut",
  "item_223005_name": "Tomahawk Assault",
  "item_223006_name": "Open Fire",
  "item_223007_name": "Fortress City",
  "item_223008_name": "Gunnery Attack",
  "item_223009_name": "Cannon Strike",
  "item_223010_name": "Mobile Barbette",
  "item_223011_name": "Photon Ray",
  "item_223012_name": "Neon Ray",
  "item_223013_name": "High-energy Ray",
  "item_223014_name": "X Ray Shock",
  "item_223015_name": "Pressure Cannon",
  "item_223016_name": "Gun Tactics",
  "item_223017_name": "Judge",
  "item_223018_name": "Ruin Strike",
  "item_223019_name": "Flame Cannon",
  "item_223020_name": "Death Acid Rain",
  "item_223021_name": "Sound Wave Shock",
  "item_224001_name": "Air Strike",
  "item_224002_name": "Magma Shot",
  "item_224003_name": "Gone with Wind",
  "item_224004_name": "Upheaval",
  "item_224005_name": "Earthquake Shock",
  "item_224007_name": "Blitzkrieg",
  "item_224008_name": "Time Stop",
  "item_224010_name": "Focus on Attacking",
  "item_224011_name": "Shot Attack",
  "item_224012_name": "High Frequency Sound Bomb",
  "item_224013_name": "AP Bomb",
  "item_224014_name": "Heatseeker Missile",
  "item_224015_name": "Infrasonic Wave Explosion",
  "item_224016_name": "Grenade Strike",
  "item_224017_name": "High-speed Killer",
  "item_224018_name": "Air Shooter",
  "item_224020_name": "Perfect Chip",
  "item_224021_name": "Max Efficiency",
  "item_224022_name": "Investigation Master",
  "item_224023_name": "Ultimate Defend",
  "item_224024_name": "Reliable Shield",
  "item_224025_name": "Dazzle Light Wave",
  "item_224026_name": "Thought Reading",
  "item_224027_name": "Disapparate",
  "item_224028_name": "Space-time Gap",
  "item_224029_name": "Spy",
  "item_224030_name": "Mind Control",
  "item_229999_name": "Invincible Magic",
  "item_230101_name": "Health Chip (D)",
  "item_230102_name": "Health Chip (C)",
  "item_230103_name": "Health Chip (B)",
  "item_230104_name": "Health Chip (A)",
  "item_230105_name": "Health Chip (S)",
  "item_230201_name": "Attack Chip (D)",
  "item_230202_name": "Attack Chip (C)",
  "item_230203_name": "Attack Chip (B)",
  "item_230204_name": "Attack Chip (A)",
  "item_230205_name": "Attack Chip (S)",
  "item_230301_name": "Defence Chip (D)",
  "item_230302_name": "Defence Chip (C)",
  "item_230303_name": "Defence Chip (B)",
  "item_230304_name": "Defence Chip (A)",
  "item_230305_name": "Defence Chip (S)",
  "item_230401_name": "Speed Chip (D)",
  "item_230402_name": "Speed Chip (C)",
  "item_230403_name": "Speed Chip (B)",
  "item_230404_name": "Speed Chip (A)",
  "item_230405_name": "Speed Chip (S)",
  "item_230501_name": "CRIT Chip (D)",
  "item_230502_name": "CRIT Chip (C)",
  "item_230503_name": "CRIT Chip (B)",
  "item_230504_name": "CRIT Chip (A)",
  "item_230505_name": "CRIT Chip (S)",
  "item_230601_name": "ANTI-CRIT Chip (D)",
  "item_230602_name": "ANTI-CRIT Chip (C)",
  "item_230603_name": "ANTI-CRIT Chip (B)",
  "item_230604_name": "ANTI-CRIT Chip (A)",
  "item_230605_name": "ANTI-CRIT Chip (S)",
  "item_230701_name": "BLK Chip (D)",
  "item_230702_name": "BLK Chip (C)",
  "item_230703_name": "BLK Chip (B)",
  "item_230704_name": "BLK Chip (A)",
  "item_230705_name": "BLK Chip (S)",
  "item_230801_name": "ANTI-BLK (D)",
  "item_230802_name": "ANTI-BLK (C)",
  "item_230803_name": "ANTI-BLK (B)",
  "item_230804_name": "ANTI-BLK (A)",
  "item_230805_name": "ANTI-BLK (S)",
  "item_240001_name": "Develop Energon",
  "item_240101_name": "Tech Energon",
  "item_240201_name": "Evolve Energon",
  "item_240301_name": "Medium EXP Crystal",
  "item_240302_name": "Junior EXP Crystal",
  "item_240401_name": "Action Point",
  "item_240501_name": "Challenge Point",
  "item_240502_name": "Compete Point",
  "item_240601_name": "Broadcast Item",
  "item_240701_name": "Rename",
  "item_240801_name": "Rarity Up GEM(D)",
  "item_240802_name": "Rarity Up GEM(C)",
  "item_240803_name": "Rarity Up GEM(B)",
  "item_240804_name": "Rarity Up GEM(A)",
  "item_240805_name": "Rarity Up GEM(S)",
  "item_240806_name": "Rarity Up GEM(SS)",
  "item_240901_name": "Dark Cyberkey",
  "item_250001_name": "Ancient Box",
  "item_250002_name": "Ability Box",
  "item_250003_name": "Enhance Box",
  "item_250004_name": "Box(S)",
  "item_250005_name": "Ability Box(S)",
  "item_250006_name": "Elita One's Blessing",
  "item_250007_name": "Megatron's Reign",
  "item_250101_name": "Premium Box",
  "item_250102_name": "Medium Box",
  "item_250103_name": "Junior Box",
  "item_250201_name": "Premium Key",
  "item_250202_name": "Medium Key",
  "item_250203_name": "Junior Key",
  "item_260001_name": "Energon Pack",
  "item_260002_name": "Magnetic Missile Box",
  "item_260003_name": "Earth Defender Box",
  "item_260004_name": "Tomahawk Assault Box",
  "item_251001_name": "Ability Fragment (S)",
  "item_251002_name": "Ability Fragment (A)",
  "item_251003_name": "Ability Fragment (B)",
  "item_251004_name": "Ability Fragment (C)",
  "item_251005_name": "Ability Fragment (D)",
  "item_251006_name": "Ability Fragment",
  "item_251011_name": "Cyberkey (S)",
  "item_251012_name": "Cyberkey (A)",
  "item_251013_name": "Cyberkey (B)",
  "item_251014_name": "Cyberkey (C)",
  "item_251015_name": "Cyberkey (D)",
  "item_251016_name": "Spark Piece",
  "item_251021_name": "Weapon (S)",
  "item_251022_name": "Weapon (A)",
  "item_251023_name": "Weapon (B)",
  "item_251024_name": "Weapon (C)",
  "item_251025_name": "Weapon (D)",
  "item_251026_name": "All Weapons",
  "item_251031_name": "Defence (S)",
  "item_251032_name": "Defence (A)",
  "item_251033_name": "Defence (B)",
  "item_251034_name": "Defence (C)",
  "item_251035_name": "Defence (D)",
  "item_251036_name": "All Defence",
  "item_251041_name": "Speed (S)",
  "item_251042_name": "Speed (A)",
  "item_251043_name": "Speed (B)",
  "item_251044_name": "Speed (C)",
  "item_251045_name": "Speed (D)",
  "item_251046_name": "All Speed",
  "item_251051_name": "Chip (S)",
  "item_251052_name": "Chip (A)",
  "item_251053_name": "Chip (B)",
  "item_251054_name": "Chip (C)",
  "item_251055_name": "Chip (D)",
  "item_251056_name": "All Chips",
  "item_251061_name": "Ability(S)",
  "item_251062_name": "Ability(A)",
  "item_251063_name": "Ability(B)",
  "item_251064_name": "Ability(C)",
  "item_251065_name": "Ability(D)",
  "item_251066_name": "All Abilitys",
  "item_270101_name": "VIP1 Pack",
  "item_270102_name": "VIP2 Pack",
  "item_270103_name": "VIP3 Pack",
  "item_270104_name": "VIP4 Pack",
  "item_270105_name": "VIP5 Pack",
  "item_270106_name": "VIP6 Pack",
  "item_270107_name": "VIP7 Pack",
  "item_270108_name": "VIP8 Pack",
  "item_270109_name": "VIP9 Pack",
  "item_270110_name": "VIP10 Pack",
  "item_270111_name": "VIP11 Pack",
  "item_270112_name": "VIP12 Pack",
  "item_270113_name": "VIP13 Pack",
  "item_270114_name": "VIP14 Pack",
  "item_270115_name": "VIP15 Pack",
  "item_271001_name": "Ability Fragment Box",
  "item_280001_name": "Credit",
  "item_290001_name": "Cyberticket",
  "item_2011001_name": "Optimus Prime",
  "item_2011002_name": "Elita One",
  "item_2011005_name": "Ironhide",
  "item_2011006_name": "Chromia",
  "item_2011007_name": "Ratchet",
  "item_2011008_name": "Perceptor ",
  "item_2011009_name": "Wheeljack",
  "item_2011010_name": "Grimlock",
  "item_2011011_name": "Snarl",
  "item_2011012_name": "Slug",
  "item_2011013_name": "Sludge",
  "item_2011014_name": "Swoop",
  "item_2011015_name": "Ultra Magnus",
  "item_2011016_name": "Jazz",
  "item_2011017_name": "Prowl",
  "item_2011018_name": "Smokescreen",
  "item_2011019_name": "Silverstreak",
  "item_2011020_name": "Gears",
  "item_2011021_name": "Huffer",
  "item_2011022_name": "Brawn",
  "item_2011023_name": "Trailcutter",
  "item_2011024_name": "Jetfire",
  "item_2011025_name": "Sunstreaker",
  "item_2011026_name": "Sideswipe",
  "item_2011027_name": "Tracks",
  "item_2011028_name": "Red Alert",
  "item_2011029_name": "Inferno",
  "item_2011030_name": "Powerglide",
  "item_2011031_name": "Seaspray",
  "item_2011032_name": "Hound",
  "item_2011033_name": "Mirge",
  "item_2011034_name": "Cliffjumper",
  "item_2011035_name": "Bumblebee",
  "item_2011036_name": "Wreck-Garr",
  "item_2011037_name": "Windcharger",
  "item_2011038_name": "Grapple",
  "item_2011039_name": "Hoist",
  "item_2011040_name": "Firestar",
  "item_2011041_name": "Cosmo",
  "item_2011042_name": "Beachcomber",
  "item_2011043_name": "Ramhorn",
  "item_2011044_name": "Rewind",
  "item_2011045_name": "Eject",
  "item_2011046_name": "Steeljaw",
  "item_2011047_name": "Blaster",
  "item_2011048_name": "Metroplex",
  "item_2011049_name": "Skylinx",
  "item_2011050_name": "Omega Supreme",
  "item_2011051_name": "Blurr",
  "item_2011052_name": "Sergeant Kup",
  "item_2011053_name": "Rodimus Prime",
  "item_2011054_name": "Wheelie",
  "item_2011055_name": "Arcee",
  "item_2011056_name": "Warpath",
  "item_2011057_name": "Roadburner",
  "item_2011058_name": "Whirl",
  "item_2011059_name": "Air Raid",
  "item_2011060_name": "Slingshot",
  "item_2011061_name": "Silverbolt",
  "item_2011062_name": "Fireflight",
  "item_2011063_name": "Skydive",
  "item_2011065_name": "Slapdash",
  "item_2011066_name": "Joyride",
  "item_2011067_name": "Getaway",
  "item_2011068_name": "Nightbeat",
  "item_2011069_name": "Hardhead",
  "item_2011070_name": "Highbrow",
  "item_2011071_name": "Brainstorm",
  "item_2011072_name": "Streetwise",
  "item_2011073_name": "Blades",
  "item_2011074_name": "Blades",
  "item_2012001_name": "Megatron",
  "item_2012002_name": "Starscream",
  "item_2012003_name": "Skywarp",
  "item_2012004_name": "Thundercracker",
  "item_2012005_name": "Acid Storm",
  "item_2012006_name": "Sunstorm",
  "item_2012007_name": "Slipstream",
  "item_2012008_name": "Dirge",
  "item_2012009_name": "Thrust",
  "item_2012010_name": "Ramjet",
  "item_2012011_name": "Ratbat",
  "item_2012012_name": "Overkill",
  "item_2012013_name": "Slugfest",
  "item_2012014_name": "Rumble",
  "item_2012015_name": "Frenzy",
  "item_2012016_name": "Buzzsaw",
  "item_2012017_name": "Ravage",
  "item_2012018_name": "Laserbeak",
  "item_2012019_name": "Beastbox",
  "item_2012020_name": "Soundwave",
  "item_2012021_name": "Shockwave",
  "item_2012022_name": "Deluge",
  "item_2012023_name": "Dr. Arkeville",
  "item_2012024_name": "Nemesis Prime",
  "item_2012025_name": "Gnaw",
  "item_2012026_name": "Flamewar",
  "item_2012027_name": "Trypticon",
  "item_2012029_name": "Runabout",
  "item_2012030_name": "Runamuck",
  "item_2012031_name": "Darkwing",
  "item_2012032_name": "Dreadwind",
  "item_2012033_name": "Hardshell",
  "item_2012034_name": "Kickback",
  "item_2012035_name": "Sharpshot",
  "item_2012036_name": "Venom",
  "item_2012037_name": "Ransack",
  "item_2012038_name": "Chopshop",
  "item_2012039_name": "Barrage",
  "item_2012040_name": "Bonecrusher",
  "item_2012041_name": "Mixmaster",
  "item_2012042_name": "Scavenger",
  "item_2012043_name": "Long Haul",
  "item_2012044_name": "Hook",
  "item_2012045_name": "Scrapper",
  "item_2012047_name": "Headstrong",
  "item_2012048_name": "Headstrong",
  "item_2012049_name": "Divebomb",
  "item_2012050_name": "Razorclaw",
  "item_2012051_name": "Tantrum",
  "item_2012053_name": "Drag Strip",
  "item_2012054_name": "Dead End",
  "item_2012055_name": "Breakdown",
  "item_2012056_name": "Wildrider",
  "item_2012057_name": "Motormaster",
  "item_2012059_name": "Onslaught",
  "item_2012060_name": "Blast Off",
  "item_2012061_name": "Brawl",
  "item_2012062_name": "Vortex",
  "item_2012063_name": "Swindle",
  "item_2012065_name": "Scourge",
  "item_2012066_name": "Rampage",
  "item_2012067_name": "Galvatron",
  "item_2012068_name": "Weirdwolf",
  "item_2012069_name": "Fangry",
  "item_2012070_name": "Snarl",
  "item_2012071_name": "Tracer",
  "item_2012072_name": "Dropshot",
  "item_2012073_name": "Bombshock",
  "item_2012074_name": "Reflector",
  "item_2012075_name": "Barricade",
  "item_2012076_name": "Misfire",
  "item_2021003_name": "Fire-ball Piece",
  "item_2021004_name": "Dry Ice Attack Piece",
  "item_2021005_name": "Energon Beam Piece",
  "item_2021006_name": "Punch Attack Piece",
  "item_2021011_name": "Electronic Shock Wave Piece",
  "item_2021012_name": "Hydrochloric Bomb Piece",
  "item_2021013_name": "Flame Strafe Piece",
  "item_2021021_name": "Assassin Piece",
  "item_2021022_name": "Precise Sniper Piece",
  "item_2021023_name": "Tomahawk Missile Piece",
  "item_2021024_name": "Impulse Beam Piece",
  "item_2021031_name": "Combination Blow Piece",
  "item_2021032_name": "Blind Beam Piece",
  "item_2021033_name": "Rocket Bomb Piece",
  "item_2021034_name": "Energon Impulse Piece",
  "item_2021041_name": "Long-range Strike Piece",
  "item_2021042_name": "Electronic Impulse Bomb Piece",
  "item_2021043_name": "Freezing Wave Piece",
  "item_2021044_name": "High Energy Particle Piece",
  "item_2021051_name": "Heat Laser Piece",
  "item_2021052_name": "Ball Lightning Piece",
  "item_2021053_name": "Antimatter Shock Piece",
  "item_2021054_name": "Gaea Impact Piece",
  "item_2021061_name": "Flame Fog Piece",
  "item_2021062_name": "Thunder Attack Piece",
  "item_2021063_name": "Ice Beam Piece",
  "item_2021064_name": "Sound Wave Bomb Piece",
  "item_2021071_name": "Sonic Strike Piece",
  "item_2021072_name": "Prism Reflection Piece",
  "item_2021073_name": "Electronic Storm Piece",
  "item_2021074_name": "Acetylene Flame Piece",
  "item_2021081_name": "Anger of Titan Piece",
  "item_2021082_name": "Positron Ray Piece",
  "item_2021083_name": "Mobile Nuclear Bomb Piece",
  "item_2021084_name": "Absolute Zero Piece",
  "item_2021101_name": "First-aid Piece",
  "item_2021102_name": "Emergency Treatment Piece",
  "item_2021103_name": "Rest All Piece",
  "item_2021111_name": "Electronic Interference Piece",
  "item_2021112_name": "Teeter Piece",
  "item_2021113_name": "Subzero Zone Piece",
  "item_2021121_name": "Sound Wave Shock Piece",
  "item_2021122_name": "Expose Weak Point Piece",
  "item_2021123_name": "Acid Pollution Piece",
  "item_2021124_name": "Corrosion Acid Piece",
  "item_2021131_name": "Interference Ray Piece",
  "item_2021132_name": "Flame Retardant Piece",
  "item_2021133_name": "High-energy Magnetic Field Piece",
  "item_2021134_name": "Mischief Piece",
  "item_2022001_name": "Rich Experience Piece",
  "item_2022002_name": "Battle-scarred Piece",
  "item_2022003_name": "Do More with Less Piece",
  "item_2022004_name": "Old Soldiers Never Die Piece",
  "item_2022011_name": "Rolling Piece",
  "item_2022012_name": "Speculator Piece",
  "item_2022013_name": "Money Talks Piece",
  "item_2022014_name": "Quantitative Easing Piece",
  "item_2022021_name": "Intensive Training Piece",
  "item_2022022_name": "Test of Faith Piece",
  "item_2022023_name": "Well Trained Piece",
  "item_2022024_name": "Senior Instructor Piece",
  "item_2022031_name": "Rapid Research Piece",
  "item_2022032_name": "Integrated Circuit Piece",
  "item_2022033_name": "Cloud Computing Piece",
  "item_2022034_name": "Light of Technology Piece",
  "item_2024001_name": "Air Strike Piece",
  "item_2024002_name": "Magma Shot Piece",
  "item_2024003_name": "Gone with Wind Piece",
  "item_2024004_name": "Upheaval Piece",
  "item_2024005_name": "Earthquake Shock Piece",
  "item_2024007_name": "Blitzkrieg Piece",
  "item_2024008_name": "Time Stop Piece",
  "item_2024010_name": "Focus on Attacking Piece",
  "item_2024011_name": "Shot Attack Piece",
  "item_2024012_name": "High Frequency Sound Bomb Piece",
  "item_2024013_name": "AP Bomb Piece",
  "item_2024014_name": "Heatseeker Missile Piece",
  "item_2024015_name": "Infrasonic Wave Explosion Piece",
  "item_2024016_name": "Grenade Strike Piece",
  "item_2024017_name": "High-speed Killer Piece",
  "item_2024018_name": "Air Shooter Piece",
  "item_2024020_name": "Perfect Chip Piece",
  "item_2024021_name": "Max Efficiency Piece",
  "item_2024022_name": "Investigation Master Piece",
  "item_2024023_name": "Ultimate Defend Piece",
  "item_2024024_name": "Reliable Shield Piece",
  "item_2024025_name": "Dazzle Light Wave Piece",
  "item_2024026_name": "Thought Reading Piece",
  "item_2024027_name": "Disapparate Piece",
  "item_2024028_name": "Space-time Gap Piece",
  "item_2024029_name": "Spy Piece",
  "item_2024030_name": "Mind Control Piece",
  "item_211001_description": "ATK #{0} up",
  "item_211002_description": "ATK #{0} up",
  "item_211003_description": "ATK #{0} up",
  "item_211004_description": "ATK #{0} up",
  "item_211005_description": "ATK #{0} up",
  "item_211006_description": "ATK #{0} up",
  "item_211007_description": "ATK #{0} up",
  "item_211008_description": "ATK #{0} up",
  "item_211009_description": "ATK #{0} up",
  "item_211010_description": "ATK #{0} up",
  "item_211101_description": "ATK #{0} up",
  "item_211102_description": "ATK #{0} up",
  "item_211103_description": "ATK #{0} up",
  "item_211104_description": "ATK #{0} up",
  "item_211105_description": "ATK #{0} up",
  "item_211106_description": "ATK #{0} up",
  "item_211107_description": "ATK #{0} up",
  "item_211108_description": "ATK #{0} up",
  "item_211109_description": "ATK #{0} up",
  "item_211110_description": "ATK #{0} up",
  "item_211201_description": "ATK #{0} up",
  "item_211202_description": "ATK #{0} up",
  "item_211203_description": "ATK #{0} up",
  "item_211204_description": "ATK #{0} up",
  "item_211205_description": "ATK #{0} up",
  "item_211206_description": "ATK #{0} up",
  "item_211207_description": "ATK #{0} up",
  "item_211208_description": "ATK #{0} up",
  "item_211209_description": "ATK #{0} up",
  "item_211210_description": "ATK #{0} up",
  "item_211301_description": "ATK #{0} up",
  "item_211302_description": "ATK #{0} up",
  "item_211303_description": "ATK #{0} up",
  "item_211304_description": "ATK #{0} up",
  "item_211305_description": "ATK #{0} up",
  "item_211306_description": "ATK #{0} up",
  "item_211307_description": "ATK #{0} up",
  "item_211308_description": "ATK #{0} up",
  "item_211309_description": "ATK #{0} up",
  "item_211310_description": "ATK #{0} up",
  "item_211401_description": "ATK #{0} up",
  "item_211402_description": "ATK #{0} up",
  "item_211403_description": "ATK #{0} up",
  "item_211404_description": "ATK #{0} up",
  "item_211405_description": "ATK #{0} up",
  "item_211406_description": "ATK #{0} up",
  "item_211407_description": "ATK #{0} up",
  "item_211408_description": "ATK #{0} up",
  "item_211409_description": "ATK #{0} up",
  "item_211410_description": "ATK #{0} up",
  "item_212001_description": "DEF #{0} up",
  "item_212002_description": "DEF #{0} up",
  "item_212003_description": "DEF #{0} up",
  "item_212004_description": "DEF #{0} up",
  "item_212005_description": "DEF #{0} up",
  "item_212006_description": "DEF #{0} up",
  "item_212007_description": "DEF #{0} up",
  "item_212008_description": "DEF #{0} up",
  "item_212009_description": "DEF #{0} up",
  "item_212010_description": "DEF #{0} up",
  "item_212101_description": "DEF #{0} up",
  "item_212102_description": "DEF #{0} up",
  "item_212103_description": "DEF #{0} up",
  "item_212104_description": "DEF #{0} up",
  "item_212105_description": "DEF #{0} up",
  "item_212106_description": "DEF #{0} up",
  "item_212107_description": "DEF #{0} up",
  "item_212108_description": "DEF #{0} up",
  "item_212109_description": "DEF #{0} up",
  "item_212110_description": "DEF #{0} up",
  "item_212201_description": "DEF #{0} up",
  "item_212202_description": "DEF #{0} up",
  "item_212203_description": "DEF #{0} up",
  "item_212204_description": "DEF #{0} up",
  "item_212205_description": "DEF #{0} up",
  "item_212206_description": "DEF #{0} up",
  "item_212207_description": "DEF #{0} up",
  "item_212208_description": "DEF #{0} up",
  "item_212209_description": "DEF #{0} up",
  "item_212210_description": "DEF #{0} up",
  "item_212301_description": "DEF #{0} up",
  "item_212302_description": "DEF #{0} up",
  "item_212303_description": "DEF #{0} up",
  "item_212304_description": "DEF #{0} up",
  "item_212305_description": "DEF #{0} up",
  "item_212306_description": "DEF #{0} up",
  "item_212307_description": "DEF #{0} up",
  "item_212308_description": "DEF #{0} up",
  "item_212309_description": "DEF #{0} up",
  "item_212310_description": "DEF #{0} up",
  "item_212401_description": "DEF #{0} up",
  "item_212402_description": "DEF #{0} up",
  "item_212403_description": "DEF #{0} up",
  "item_212404_description": "DEF #{0} up",
  "item_212405_description": "DEF #{0} up",
  "item_212406_description": "DEF #{0} up",
  "item_212407_description": "DEF #{0} up",
  "item_212408_description": "DEF #{0} up",
  "item_212409_description": "DEF #{0} up",
  "item_212410_description": "DEF #{0} up",
  "item_213001_description": "SPD #{0} up",
  "item_213002_description": "SPD #{0} up",
  "item_213003_description": "SPD #{0} up",
  "item_213004_description": "SPD #{0} up",
  "item_213005_description": "SPD #{0} up",
  "item_213006_description": "SPD #{0} up",
  "item_213007_description": "SPD #{0} up",
  "item_213008_description": "SPD #{0} up",
  "item_213009_description": "SPD #{0} up",
  "item_213010_description": "SPD #{0} up",
  "item_213101_description": "SPD #{0} up",
  "item_213102_description": "SPD #{0} up",
  "item_213103_description": "SPD #{0} up",
  "item_213104_description": "SPD #{0} up",
  "item_213105_description": "SPD #{0} up",
  "item_213106_description": "SPD #{0} up",
  "item_213107_description": "SPD #{0} up",
  "item_213108_description": "SPD #{0} up",
  "item_213109_description": "SPD #{0} up",
  "item_213110_description": "SPD #{0} up",
  "item_213201_description": "SPD #{0} up",
  "item_213202_description": "SPD #{0} up",
  "item_213203_description": "SPD #{0} up",
  "item_213204_description": "SPD #{0} up",
  "item_213205_description": "SPD #{0} up",
  "item_213206_description": "SPD #{0} up",
  "item_213207_description": "SPD #{0} up",
  "item_213208_description": "SPD #{0} up",
  "item_213209_description": "SPD #{0} up",
  "item_213210_description": "SPD #{0} up",
  "item_213301_description": "SPD #{0} up",
  "item_213302_description": "SPD #{0} up",
  "item_213303_description": "SPD #{0} up",
  "item_213304_description": "SPD #{0} up",
  "item_213305_description": "SPD #{0} up",
  "item_213306_description": "SPD #{0} up",
  "item_213307_description": "SPD #{0} up",
  "item_213308_description": "SPD #{0} up",
  "item_213309_description": "SPD #{0} up",
  "item_213310_description": "SPD #{0} up",
  "item_213401_description": "SPD #{0} up",
  "item_213402_description": "SPD #{0} up",
  "item_213403_description": "SPD #{0} up",
  "item_213404_description": "SPD #{0} up",
  "item_213405_description": "SPD #{0} up",
  "item_213406_description": "SPD #{0} up",
  "item_213407_description": "SPD #{0} up",
  "item_213408_description": "SPD #{0} up",
  "item_213409_description": "SPD #{0} up",
  "item_213410_description": "SPD #{0} up",
  "item_211501_description": "ATK #{0} up",
  "item_211502_description": "ATK #{0} up",
  "item_211503_description": "ATK #{0} up",
  "item_211504_description": "ATK #{0} up",
  "item_211505_description": "ATK #{0} up",
  "item_211506_description": "ATK #{0} up",
  "item_211507_description": "ATK #{0} up",
  "item_211508_description": "ATK #{0} up",
  "item_211509_description": "ATK #{0} up",
  "item_211510_description": "ATK #{0} up",
  "item_211511_description": "ATK #{0} up",
  "item_211512_description": "ATK #{0} up",
  "item_211513_description": "ATK #{0} up",
  "item_211514_description": "ATK #{0} up",
  "item_211515_description": "ATK #{0} up",
  "item_211516_description": "ATK #{0} up",
  "item_211517_description": "ATK #{0} up",
  "item_211518_description": "ATK #{0} up",
  "item_211519_description": "ATK #{0} up",
  "item_211520_description": "ATK #{0} up",
  "item_213501_description": "ATK #{0} up",
  "item_213502_description": "ATK #{0} up",
  "item_213503_description": "ATK #{0} up",
  "item_213504_description": "ATK #{0} up",
  "item_213505_description": "ATK #{0} up",
  "item_213506_description": "ATK #{0} up",
  "item_213507_description": "ATK #{0} up",
  "item_213508_description": "ATK #{0} up",
  "item_213509_description": "ATK #{0} up",
  "item_213510_description": "ATK #{0} up",
  "item_213511_description": "ATK #{0} up",
  "item_213512_description": "ATK #{0} up",
  "item_213513_description": "ATK #{0} up",
  "item_213514_description": "ATK #{0} up",
  "item_213515_description": "ATK #{0} up",
  "item_213516_description": "ATK #{0} up",
  "item_213517_description": "ATK #{0} up",
  "item_213518_description": "ATK #{0} up",
  "item_213519_description": "ATK #{0} up",
  "item_213520_description": "ATK #{0} up",
  "item_212501_description": "ATK #{0} up",
  "item_212502_description": "ATK #{0} up",
  "item_221003_description": "#{0} times damage of common attack on single enemy",
  "item_221004_description": "#{0} times damage of common attack on single enemy",
  "item_221005_description": "#{0} times damage of common attack on single enemy",
  "item_221006_description": "#{0} times damage of common attack on single enemy",
  "item_221011_description": "#{0} times damage of common attack on enemy squad",
  "item_221012_description": "#{0} times damage of common attack on enemy squad",
  "item_221013_description": "#{0} times damage of common attack on enemy squad",
  "item_221021_description": "#{0} times damage of common attack on back row enemies",
  "item_221022_description": "#{0} times damage of common attack on back row enemies",
  "item_221023_description": "#{0} times damage of common attack on back row enemies",
  "item_221024_description": "#{0} times damage of common attack on back row enemies",
  "item_221031_description": "#{0} times damage of common attack on random enemy of front row",
  "item_221032_description": "#{0} times damage of common attack on random enemy of front row",
  "item_221033_description": "#{0} times damage of common attack on random enemy of front row",
  "item_221034_description": "#{0} times damage of common attack on random enemy of front row",
  "item_221041_description": "#{0} times damage of common attack on random enemy of back row",
  "item_221042_description": "#{0} times damage of common attack on random enemy of back row",
  "item_221043_description": "#{0} times damage of common attack on random enemy of back row",
  "item_221044_description": "#{0} times damage of common attack on random enemy of back row",
  "item_221051_description": "#{0} times damage of common attack on random enemy squad",
  "item_221052_description": "#{0} times damage of common attack on random enemy squad",
  "item_221053_description": "#{0} times damage of common attack on random enemy squad",
  "item_221054_description": "#{0} times damage of common attack on random enemy squad",
  "item_221061_description": "#{0} times damage of common attack on front row enemies",
  "item_221062_description": "#{0} times damage of common attack on front row enemies",
  "item_221063_description": "#{0} times damage of common attack on front row enemies",
  "item_221064_description": "#{0} times damage of common attack on all front row enemies",
  "item_221071_description": "#{0} times damage of common attack on all back row enemies",
  "item_221072_description": "#{0} times damage of common attack on all back row enemies",
  "item_221073_description": "#{0} times damage of common attack on all back row enemies",
  "item_221074_description": "#{0} times damage of common attack on all back row enemies",
  "item_221081_description": "#{0} times damage of common attack on enemy squad",
  "item_221082_description": "#{0} times damage of common attack on all enemy squads",
  "item_221083_description": "#{0} times damage of common attack on all enemy squads",
  "item_221084_description": "#{0} times damage of common attack on all enemy squads",
  "item_221101_description": "#{0} HP recovery for front row characters",
  "item_221102_description": "#{0} HP recovery for single character",
  "item_221103_description": "#{0} HP recovery for all squads",
  "item_221111_description": "SPD #{0} down on enemy squads",
  "item_221112_description": "SPD #{0} down on random enemy",
  "item_221113_description": "SPD #{0} down on all enemy squads",
  "item_221121_description": "DEF #{0} down on enemy squads",
  "item_221122_description": "DEF #{0} down on random enemy",
  "item_221123_description": "DEF #{0} down on all enemy squads",
  "item_221124_description": "DEF #{0} down on all enemies of front row",
  "item_221131_description": "ATK #{0} down on enemy squads",
  "item_221132_description": "ATK #{0} down on random enemy",
  "item_221133_description": "ATK #{0} down on all enemy squads",
  "item_221134_description": "ATK #{0} down on all enemies of back row",
  "item_222001_description": "Base XP #{0} up",
  "item_222002_description": "Base XP #{0} up",
  "item_222003_description": "Base XP #{0} up",
  "item_222004_description": "Base XP #{0} up",
  "item_222011_description": "#{0} up for base production",
  "item_222012_description": "#{0} up for base production",
  "item_222013_description": "#{0} up for base production",
  "item_222014_description": "#{0} up for base production",
  "item_222021_description": "Xp #{0} up in base training",
  "item_222022_description": "Xp #{0} up in base training",
  "item_222023_description": "Xp #{0} up in base training",
  "item_222024_description": "Xp #{0} up in base training",
  "item_222031_description": "Increases Tech Cooldown upper time limit by #{0}",
  "item_222032_description": "Increases Tech Cooldown upper time limit by #{0}",
  "item_222033_description": "Increases Tech Cooldown upper time limit by #{0}",
  "item_222034_description": "Increases Tech Cooldown upper time limit by #{0}",
  "item_223001_description": "#{0} times damage of common attack on all enemy squads",
  "item_223002_description": "#{0} times damage of common attack on enemy squad",
  "item_223003_description": "#{0} times damage of common attack on all enemy squads",
  "item_223004_description": "#{0} times damage of common attack on front row enemies",
  "item_223005_description": "#{0} times damage of common attack on enemy squad",
  "item_223006_description": "#{0} times damage of common attack on enemy squad",
  "item_223007_description": "#{0} times damage of common attack on enemy squad",
  "item_223008_description": "#{0} times damage of common attack on single enemy",
  "item_223009_description": "#{0} times damage of common attack on back row enemies",
  "item_223010_description": "#{0} times damage of common attack on all enemy squads",
  "item_223011_description": "#{0} times damage of common attack on back row enemies",
  "item_223012_description": "#{0} times damage of common attack on all back row enemies",
  "item_223013_description": "#{0} times damage of common attack on enemy squad",
  "item_223014_description": "#{0} times damage of common attack on all enemy squads",
  "item_223015_description": "#{0} times damage of common attack on all enemy squads",
  "item_223016_description": "#{0} times damage of common attack on all enemy squads",
  "item_223017_description": "#{0} times damage of common attack on all enemy squads",
  "item_223018_description": "#{0} times damage of common attack on all enemy squads",
  "item_223019_description": "#{0} times damage of common attack on all enemy squads",
  "item_223020_description": "#{0} times damage of common attack on all enemy squads",
  "item_223021_description": "#{0} times damage of common attack on all enemy squads",
  "item_224001_description": "#{0} times damage of common attack on single enemy",
  "item_224002_description": "#{0} times damage of common attack on single enemy",
  "item_224003_description": "#{0} times damage of common attack on random enemy of front row",
  "item_224004_description": "#{0} times damage of common attack on enemy squad",
  "item_224005_description": "#{0} times damage of common attack on random enemy squad",
  "item_224007_description": "#{0} times damage of common attack on back row enemies",
  "item_224008_description": "SPD #{0} down on all back row enemies",
  "item_224010_description": "#{0} times damage of common attack on front row enemies",
  "item_224011_description": "#{0} times damage of common attack on all front row enemies",
  "item_224012_description": "#{0} times damage of common attack on random enemy squad",
  "item_224013_description": "#{0} times damage of common attack on single enemy",
  "item_224014_description": "#{0} times damage of common attack on single enemy",
  "item_224015_description": "#{0} times damage of common attack on all back row enemies",
  "item_224016_description": "#{0} times damage of common attack on front row enemies",
  "item_224017_description": "#{0} times damage of common attack on back row enemies",
  "item_224018_description": "#{0} times damage of common attack on single enemy",
  "item_224020_description": "#{0} HP recovery for front row",
  "item_224021_description": "#{0} HP recovery for squad",
  "item_224022_description": "SPD #{0} up for current character",
  "item_224023_description": "DEF #{0} up for current character",
  "item_224024_description": "DEF #{0} up for current character",
  "item_224025_description": "ATK #{0} down of enemy squad",
  "item_224026_description": "DEF #{0} down of all enemies of front row",
  "item_224027_description": "ATK #{0} down of enemy squad",
  "item_224028_description": "ATK #{0} down of enemy squad",
  "item_224029_description": "DEF #{0} down of enemy squad",
  "item_224030_description": "SPD #{0} down of all enemy squads",
  "item_229999_description": "#{0} times damage of common attack on all enemy squads",
  "item_230101_description": "HP+ 120",
  "item_230102_description": "HP+ 240",
  "item_230103_description": "HP+ 360",
  "item_230104_description": "HP+ 480",
  "item_230105_description": "HP+ 600",
  "item_230201_description": "ATK+ 120",
  "item_230202_description": "ATK+ 240",
  "item_230203_description": "ATK+ 360",
  "item_230204_description": "ATK+ 480",
  "item_230205_description": "ATK+ 600",
  "item_230301_description": "DEF+ 120",
  "item_230302_description": "DEF+ 240",
  "item_230303_description": "DEF+ 360",
  "item_230304_description": "DEF+ 480",
  "item_230305_description": "DEF+ 600",
  "item_230401_description": "SPD+ 120",
  "item_230402_description": "SPD+ 240",
  "item_230403_description": "SPD+ 360",
  "item_230404_description": "SPD+ 480",
  "item_230405_description": "SPD+ 600",
  "item_230501_description": "CRIT+ 120",
  "item_230502_description": "CRIT+ 240",
  "item_230503_description": "CRIT+ 360",
  "item_230504_description": "CRIT+ 480",
  "item_230505_description": "CRIT+ 600",
  "item_230601_description": "ANTI-CRIT+ 120",
  "item_230602_description": "ANTI-CRIT+ 240",
  "item_230603_description": "ANTI-CRIT+ 360",
  "item_230604_description": "ANTI-CRIT+ 480",
  "item_230605_description": "ANTI-CRIT+ 600",
  "item_230701_description": "BLK+ 120",
  "item_230702_description": "BLK+ 240",
  "item_230703_description": "BLK+ 360",
  "item_230704_description": "BLK+ 480",
  "item_230705_description": "BLK+ 600",
  "item_230801_description": "ANTI-BLK+ 120",
  "item_230802_description": "ANTI-BLK+ 240",
  "item_230803_description": "ANTI-BLK+ 360",
  "item_230804_description": "ANTI-BLK+ 480",
  "item_230805_description": "ANTI-BLK+ 600",
  "item_240001_description": "The materials used in character develop",
  "item_240101_description": "The materials to Lv. up Tech",
  "item_240201_description": "The materials used in character evolve",
  "item_240301_description": "Descendant 80% EXP of a character to another",
  "item_240302_description": "Descendant 50% EXP of a character to another",
  "item_240401_description": "To recover 5 Action Points",
  "item_240501_description": "To increase 3 chances to challenge arena",
  "item_240502_description": "To increase 3 chances to fight for Ability Fragments",
  "item_240601_description": "Chat item of the whole server",
  "item_240701_description": "To change nickname",
  "item_240801_description": "Materials used to raise characters' rarity from D to C",
  "item_240802_description": "Materials used to raise characters' rarity from C to B",
  "item_240803_description": "Materials used to raise characters' rarity from B to A",
  "item_240804_description": "Materials used to raise characters' rarity from A to S",
  "item_240805_description": "Materials used to raise characters' rarity from S to SS",
  "item_240806_description": "Materials used to raise characters' rarity from SS to SSS",
  "item_240901_description": "Coins used in Black Market",
  "item_250001_description": "Open to claim different kind of supplies",
  "item_250002_description": "Open to claim ability of B or above, and you have chance to claim ability of S",
  "item_250003_description": "Open to claim ability or equipment of B or above",
  "item_250004_description": "Open to claim different kinds of supplies, having tiny chances to claim equipment of S",
  "item_250005_description": "Open to claim ability of C or above, having tiny chances to claim Ability Fragment of S",
  "item_250006_description": "Open to claim different kinds of supplies, having chance to claim Elita One's Cyberkey",
  "item_250007_description": "Open to claim different kinds of supplies, having chance to claim Megatron's Cyberkey",
  "item_250101_description": "Need premium key to unlock and claim different kinds of supplies",
  "item_250102_description": "Need medium key to unlock and claim different kinds of supplies",
  "item_250103_description": "Need junior key to unlock and claim different kinds of supplies",
  "item_250201_description": "To open premium box",
  "item_250202_description": "To open medium box",
  "item_250203_description": "To open junior box",
  "item_260001_description": "Open to claim 100 evolve cubes and 1000 develop cubes",
  "item_260002_description": "Box of precious weapons. Open to claim weapons of different rarity, having chances to claim Magnetic Missile of S",
  "item_260003_description": "Box of precious amours. Open to claim amours of different rarity, having chances to claim Earth Defender of S",
  "item_260004_description": "You have chances to claim the talent ability of Optimus Prime, a powerful ability which can be used by any character in team attack",
  "item_251001_description": "A random Ability Fragment (S)",
  "item_251002_description": "A random Ability Fragment (A)",
  "item_251003_description": "A random Ability Fragment (B)",
  "item_251004_description": "A random Ability Fragment (C)",
  "item_251005_description": "A random Ability Fragment (D)",
  "item_251006_description": "A random level Ability Fragment",
  "item_251011_description": "A random character Cyberkey (S)",
  "item_251012_description": "A random character Cyberkey (A)",
  "item_251013_description": "A random character Cyberkey (B)",
  "item_251014_description": "A random character Cyberkey (C)",
  "item_251015_description": "A random character Cyberkey (D)",
  "item_251016_description": "A random character Cyberkey",
  "item_251021_description": "A random weapon (S)",
  "item_251022_description": "A random weapon (A)",
  "item_251023_description": "A random weapon (B)",
  "item_251024_description": "A random weapon (C)",
  "item_251025_description": "A random weapon (D)",
  "item_251026_description": "A random level weapon",
  "item_251031_description": "A random defence (S)",
  "item_251032_description": "A random defence (A)",
  "item_251033_description": "A random defence (B)",
  "item_251034_description": "A random defence (C)",
  "item_251035_description": "A random defence (D)",
  "item_251036_description": "A random level defence",
  "item_251041_description": "A random speed (S)",
  "item_251042_description": "A random speed (A)",
  "item_251043_description": "A random speed (B)",
  "item_251044_description": "A random speed (C)",
  "item_251045_description": "A random speed (D)",
  "item_251046_description": "A random level speed",
  "item_251051_description": "A random chip (S)",
  "item_251052_description": "A random chip (A)",
  "item_251053_description": "A random chip (B)",
  "item_251054_description": "A random chip (C)",
  "item_251055_description": "A random chip (D)",
  "item_251056_description": "A random level chip",
  "item_251061_description": "A random ability (S)",
  "item_251062_description": "A random ability (A)",
  "item_251063_description": "A random ability (B)",
  "item_251064_description": "A random ability (C)",
  "item_251065_description": "A random ability (D)",
  "item_251066_description": "A random level ability",
  "item_270101_description": "Open to claim plenty of supplies",
  "item_270102_description": "Open to claim plenty of supplies",
  "item_270103_description": "Open to claim plenty of supplies",
  "item_270104_description": "Open to claim plenty of supplies",
  "item_270105_description": "Open to claim plenty of supplies",
  "item_270106_description": "Open to claim plenty of supplies",
  "item_270107_description": "Open to claim plenty of supplies",
  "item_270108_description": "Open to claim plenty of supplies",
  "item_270109_description": "Open to claim plenty of supplies",
  "item_270110_description": "Open to claim plenty of supplies",
  "item_270111_description": "Open to claim plenty of supplies",
  "item_270112_description": "Open to claim plenty of supplies",
  "item_270113_description": "Open to claim plenty of supplies",
  "item_270114_description": "Open to claim plenty of supplies",
  "item_270115_description": "Open to claim plenty of supplies",
  "item_271001_description": "Open to claim a random Ability Fragment",
  "item_280001_description": "Common currency",
  "item_290001_description": "Payment currency",
  "item_2011001_description": "[color=FFFFF400]30[/color] Cyberkeys to merge [color=FFFFF400]Optimus Prime[/color]",
  "item_2011002_description": "[color=FFFFF400]30[/color] Cyberkeys to merge [color=FFFFF400]Elita One[/color]",
  "item_2011005_description": "[color=FFFFF400]30[/color] Cyberkeys to merge [color=FFFFF400]Ironhide[/color]",
  "item_2011006_description": "[color=FFFFF400]20[/color] Cyberkeys to merge [color=FFFFF400]Chromia[/color]",
  "item_2011007_description": "[color=FFFFF400]20[/color] Cyberkeys to merge [color=FFFFF400]Ratchet[/color]",
  "item_2011008_description": "[color=FFFFF400]20[/color] Cyberkeys to merge [color=FFFFF400]Perceptor[/color]",
  "item_2011009_description": "[color=FFFFF400]20[/color] Cyberkeys to merge [color=FFFFF400]Wheeljack[/color]",
  "item_2011010_description": "[color=FFFFF400]30[/color] Cyberkeys to merge [color=FFFFF400]Grimlock[/color]",
  "item_2011011_description": "[color=FFFFF400]20[/color] Cyberkeys to merge [color=FFFFF400]Snarl[/color]",
  "item_2011012_description": "[color=FFFFF400]20[/color] Cyberkeys to merge [color=FFFFF400]Slug[/color]",
  "item_2011013_description": "[color=FFFFF400]20[/color] Cyberkeys to merge [color=FFFFF400]Sludge[/color]",
  "item_2011014_description": "[color=FFFFF400]20[/color] Cyberkeys to merge [color=FFFFF400]Swoop[/color]",
  "item_2011015_description": "[color=FFFFF400]30[/color] Cyberkeys to merge [color=FFFFF400]Ultra Magnus[/color]",
  "item_2011016_description": "[color=FFFFF400]20[/color] Cyberkeys to merge [color=FFFFF400]Jazz[/color]",
  "item_2011017_description": "[color=FFFFF400]30[/color] Cyberkeys to merge [color=FFFFF400]Prowl[/color]",
  "item_2011018_description": "[color=FFFFF400]15[/color] Cyberkeys to merge [color=FFFFF400]Smokescreen[/color]",
  "item_2011019_description": "[color=FFFFF400]15[/color] Cyberkeys to merge [color=FFFFF400]Silverstreak[/color]",
  "item_2011020_description": "[color=FFFFF400]5[/color] Cyberkeys to merge [color=FFFFF400]Gears[/color]",
  "item_2011021_description": "[color=FFFFF400]5[/color] Cyberkeys to merge [color=FFFFF400]Huffer[/color]",
  "item_2011022_description": "[color=FFFFF400]10[/color] Cyberkeys to merge [color=FFFFF400]Brawn[/color]",
  "item_2011023_description": "[color=FFFFF400]10[/color] Cyberkeys to merge [color=FFFFF400]Trailcutter[/color]",
  "item_2011024_description": "[color=FFFFF400]30[/color] Cyberkeys to merge [color=FFFFF400]Jetfire[/color]",
  "item_2011025_description": "[color=FFFFF400]30[/color] Cyberkeys to merge [color=FFFFF400]Sunstreaker[/color]",
  "item_2011026_description": "[color=FFFFF400]30[/color] Cyberkeys to merge [color=FFFFF400]Sideswipe[/color]",
  "item_2011027_description": "[color=FFFFF400]10[/color] Cyberkeys to merge [color=FFFFF400]Tracks[/color]",
  "item_2011028_description": "[color=FFFFF400]15[/color] Cyberkeys to merge [color=FFFFF400]Red Alert[/color]",
  "item_2011029_description": "[color=FFFFF400]15[/color] Cyberkeys to merge [color=FFFFF400]Inferno[/color]",
  "item_2011030_description": "[color=FFFFF400]15[/color] Cyberkeys to merge [color=FFFFF400]Powerglide[/color]",
  "item_2011031_description": "[color=FFFFF400]10[/color] Cyberkeys to merge [color=FFFFF400]Seaspray[/color]",
  "item_2011032_description": "[color=FFFFF400]20[/color] Cyberkeys to merge [color=FFFFF400]Hound[/color]",
  "item_2011033_description": "[color=FFFFF400]20[/color] Cyberkeys to merge [color=FFFFF400]Mirge[/color]",
  "item_2011034_description": "[color=FFFFF400]10[/color] Cyberkeys to merge [color=FFFFF400]Cliffjumper[/color]",
  "item_2011035_description": "[color=FFFFF400]20[/color] Cyberkeys to merge [color=FFFFF400]Bumblebee[/color]",
  "item_2011036_description": "[color=FFFFF400]5[/color] Cyberkeys to merge [color=FFFFF400]Wreck-Garr[/color]",
  "item_2011037_description": "[color=FFFFF400]5[/color] Cyberkeys to merge [color=FFFFF400]Windcharger[/color]",
  "item_2011038_description": "[color=FFFFF400]5[/color] Cyberkeys to merge [color=FFFFF400]Grapple[/color]",
  "item_2011039_description": "[color=FFFFF400]5[/color] Cyberkeys to merge [color=FFFFF400]Hoist[/color]",
  "item_2011040_description": "[color=FFFFF400]20[/color] Cyberkeys to merge [color=FFFFF400]Firestar[/color]",
  "item_2011041_description": "[color=FFFFF400]15[/color] Cyberkeys to merge [color=FFFFF400]Cosmo[/color]",
  "item_2011042_description": "[color=FFFFF400]15[/color] Cyberkeys to merge [color=FFFFF400]Beachcomber[/color]",
  "item_2011043_description": "[color=FFFFF400]5[/color] Cyberkeys to merge [color=FFFFF400]Ramhorn[/color]",
  "item_2011044_description": "[color=FFFFF400]5[/color] Cyberkeys to merge [color=FFFFF400]Rewind[/color]",
  "item_2011045_description": "[color=FFFFF400]5[/color] Cyberkeys to merge [color=FFFFF400]Eject[/color]",
  "item_2011046_description": "[color=FFFFF400]5[/color] Cyberkeys to merge [color=FFFFF400]Steeljaw[/color]",
  "item_2011047_description": "[color=FFFFF400]20[/color] Cyberkeys to merge [color=FFFFF400]Blaster[/color]",
  "item_2011048_description": "[color=FFFFF400]30[/color] Cyberkeys to merge [color=FFFFF400]Metroplex[/color]",
  "item_2011049_description": "[color=FFFFF400]30[/color] Cyberkeys to merge [color=FFFFF400]Skylinx[/color]",
  "item_2011050_description": "[color=FFFFF400]30[/color] Cyberkeys to merge [color=FFFFF400]Omega Supreme[/color]",
  "item_2011051_description": "[color=FFFFF400]5[/color] Cyberkeys to merge [color=FFFFF400]Blurr[/color]",
  "item_2011052_description": "[color=FFFFF400]20[/color] Cyberkeys to merge [color=FFFFF400]Sergeant Kup[/color]",
  "item_2011053_description": "[color=FFFFF400]30[/color] Cyberkeys to merge [color=FFFFF400]Rodimus Prime[/color]",
  "item_2011054_description": "[color=FFFFF400]5[/color] Cyberkeys to merge [color=FFFFF400]Wheelie[/color]",
  "item_2011055_description": "[color=FFFFF400]20[/color] Cyberkeys to merge [color=FFFFF400]Arcee[/color]",
  "item_2011056_description": "[color=FFFFF400]10[/color] Cyberkeys to merge [color=FFFFF400]Warpath[/color]",
  "item_2011057_description": "[color=FFFFF400]10[/color] Cyberkeys to merge [color=FFFFF400]Roadburner[/color]",
  "item_2011058_description": "[color=FFFFF400]10[/color] Cyberkeys to merge [color=FFFFF400]Whirl[/color]",
  "item_2011059_description": "[color=FFFFF400]15[/color] Cyberkeys to merge [color=FFFFF400]Air Raid[/color]，a member of [color=FFFFF400]Superion[/color]",
  "item_2011060_description": "[color=FFFFF400]15[/color] Cyberkeys to merge [color=FFFFF400]Slingshot[/color]，a member of [color=FFFFF400]Superion[/color]",
  "item_2011061_description": "[color=FFFFF400]20[/color] Cyberkeys to merge [color=FFFFF400]Silverbolt[/color]，a member of [color=FFFFF400]Superion[/color]",
  "item_2011062_description": "[color=FFFFF400]15[/color] Cyberkeys to merge [color=FFFFF400]Fireflight[/color]，a member of [color=FFFFF400]Superion[/color]",
  "item_2011063_description": "[color=FFFFF400]20[/color] Cyberkeys to merge [color=FFFFF400]Skydive[/color]，a member of [color=FFFFF400]Superion[/color]",
  "item_2011065_description": "[color=FFFFF400]10[/color] Cyberkeys to merge [color=FFFFF400]Slapdash[/color]",
  "item_2011066_description": "[color=FFFFF400]10[/color] Cyberkeys to merge [color=FFFFF400]Joyride[/color]",
  "item_2011067_description": "[color=FFFFF400]10[/color] Cyberkeys to merge [color=FFFFF400]Getaway[/color]",
  "item_2011068_description": "[color=FFFFF400]10[/color] Cyberkeys to merge [color=FFFFF400]Nightbeat[/color]",
  "item_2011069_description": "[color=FFFFF400]10[/color] Cyberkeys to merge [color=FFFFF400]Hardhead[/color]",
  "item_2011070_description": "[color=FFFFF400]10[/color] Cyberkeys to merge [color=FFFFF400]Highbrow[/color]",
  "item_2011071_description": "[color=FFFFF400]10[/color] Cyberkeys to merge [color=FFFFF400]Brainstorm[/color]",
  "item_2011072_description": "[color=FFFFF400]15[/color] Cyberkeys to merge [color=FFFFF400]Streetwise[/color]",
  "item_2011073_description": "[color=FFFFF400]20[/color] Cyberkeys to merge [color=FFFFF400]Blades[/color]",
  "item_2011074_description": "[color=FFFFF400]20[/color] Cyberkeys to merge [color=FFFFF400]Hotspot[/color]",
  "item_2012001_description": "[color=FFFFF400]30[/color] Cyberkeys to merge [color=FFFFF400]Megatron[/color]",
  "item_2012002_description": "[color=FFFFF400]30[/color] Cyberkeys to merge [color=FFFFF400]Starscream[/color]",
  "item_2012003_description": "[color=FFFFF400]30[/color] Cyberkeys to merge [color=FFFFF400]Skywarp[/color]",
  "item_2012004_description": "[color=FFFFF400]30[/color] Cyberkeys to merge [color=FFFFF400]Thundercracker[/color]",
  "item_2012005_description": "[color=FFFFF400]20[/color] Cyberkeys to merge [color=FFFFF400]Acid Storm[/color]",
  "item_2012006_description": "[color=FFFFF400]30[/color] Cyberkeys to merge [color=FFFFF400]Sunstorm[/color]",
  "item_2012007_description": "[color=FFFFF400]20[/color] Cyberkeys to merge [color=FFFFF400]Slipstream[/color]",
  "item_2012008_description": "[color=FFFFF400]20[/color] Cyberkeys to merge [color=FFFFF400]Dirge[/color]",
  "item_2012009_description": "[color=FFFFF400]20[/color] Cyberkeys to merge [color=FFFFF400]Thrust[/color]",
  "item_2012010_description": "[color=FFFFF400]20[/color] Cyberkeys to merge [color=FFFFF400]Ramjet[/color]",
  "item_2012011_description": "[color=FFFFF400]5[/color] Cyberkeys to merge [color=FFFFF400]Ratbat[/color]",
  "item_2012012_description": "[color=FFFFF400]5[/color] Cyberkeys to merge [color=FFFFF400]Overkill[/color]",
  "item_2012013_description": "[color=FFFFF400]5[/color] Cyberkeys to merge [color=FFFFF400]Slugfest[/color]",
  "item_2012014_description": "[color=FFFFF400]20[/color] Cyberkeys to merge [color=FFFFF400]Rumble[/color]",
  "item_2012015_description": "[color=FFFFF400]20[/color] Cyberkeys to merge [color=FFFFF400]Frenzy[/color]",
  "item_2012016_description": "[color=FFFFF400]5[/color] Cyberkeys to merge [color=FFFFF400]Buzzsaw[/color]",
  "item_2012017_description": "[color=FFFFF400]20[/color] Cyberkeys to merge [color=FFFFF400]Ravage[/color]",
  "item_2012018_description": "[color=FFFFF400]5[/color] Cyberkeys to merge [color=FFFFF400]Laserbeak[/color]",
  "item_2012019_description": "[color=FFFFF400]15[/color] Cyberkeys to merge [color=FFFFF400]Beastbox[/color]",
  "item_2012020_description": "[color=FFFFF400]30[/color] Cyberkeys to merge [color=FFFFF400]Soundwave[/color]",
  "item_2012021_description": "[color=FFFFF400]30[/color] Cyberkeys to merge [color=FFFFF400]Shockwave[/color]",
  "item_2012022_description": "[color=FFFFF400]15[/color] Cyberkeys to merge [color=FFFFF400]Deluge[/color]",
  "item_2012023_description": "[color=FFFFF400]20[/color] Cyberkeys to merge [color=FFFFF400]Dr. Arkeville[/color]",
  "item_2012024_description": "[color=FFFFF400]30[/color] Cyberkeys to merge [color=FFFFF400]Nemesis Prime[/color]",
  "item_2012025_description": "[color=FFFFF400]10[/color] Cyberkeys to merge [color=FFFFF400]Gnaw[/color]",
  "item_2012026_description": "[color=FFFFF400]30[/color] Cyberkeys to merge [color=FFFFF400]Flamewar[/color]",
  "item_2012027_description": "[color=FFFFF400]30[/color] Cyberkeys to merge [color=FFFFF400]Trypticon[/color]",
  "item_2012029_description": "[color=FFFFF400]10[/color] Cyberkeys to merge [color=FFFFF400]Runabout[/color]",
  "item_2012030_description": "[color=FFFFF400]10[/color] Cyberkeys to merge [color=FFFFF400]Runamuck[/color]",
  "item_2012031_description": "[color=FFFFF400]10[/color] Cyberkeys to merge [color=FFFFF400]Darkwing[/color]",
  "item_2012032_description": "[color=FFFFF400]10[/color] Cyberkeys to merge [color=FFFFF400]Dreadwind[/color]",
  "item_2012033_description": "[color=FFFFF400]20[/color] Cyberkeys to merge [color=FFFFF400]Hardshell[/color]",
  "item_2012034_description": "[color=FFFFF400]15[/color] Cyberkeys to merge [color=FFFFF400]Kickback[/color]",
  "item_2012035_description": "[color=FFFFF400]20[/color] Cyberkeys to merge [color=FFFFF400]Sharpshot[/color]",
  "item_2012036_description": "[color=FFFFF400]20[/color] Cyberkeys to merge [color=FFFFF400]Venom[/color]",
  "item_2012037_description": "[color=FFFFF400]5[/color] Cyberkeys to merge [color=FFFFF400]Ransack[/color]",
  "item_2012038_description": "[color=FFFFF400]5[/color] Cyberkeys to merge [color=FFFFF400]Chopshop[/color]",
  "item_2012039_description": "[color=FFFFF400]15[/color] Cyberkeys to merge [color=FFFFF400]Barrage[/color]",
  "item_2012040_description": "[color=FFFFF400]15[/color] Cyberkeys to merge [color=FFFFF400]Bonecrusher[/color]，a member of [color=FFFFF400]Devastator[/color]",
  "item_2012041_description": "[color=FFFFF400]15[/color] Cyberkeys to merge [color=FFFFF400]Mixmaster[/color]，a member of [color=FFFFF400]Devastator[/color]",
  "item_2012042_description": "[color=FFFFF400]15[/color] Cyberkeys to merge [color=FFFFF400]Scavenger[/color]，a member of [color=FFFFF400]Devastator[/color]",
  "item_2012043_description": "[color=FFFFF400]15[/color] Cyberkeys to merge [color=FFFFF400]Long Haul[/color]，a member of [color=FFFFF400]Devastator[/color]",
  "item_2012044_description": "[color=FFFFF400]20[/color] Cyberkeys to merge [color=FFFFF400]Hook[/color]，a member of [color=FFFFF400]Devastator[/color]",
  "item_2012045_description": "[color=FFFFF400]20[/color] Cyberkeys to merge [color=FFFFF400]Scrapper[/color]，a member of [color=FFFFF400]Devastator[/color]",
  "item_2012047_description": "[color=FFFFF400]15[/color] Cyberkeys to merge [color=FFFFF400]Headstrong[/color]，a member of [color=FFFFF400]Predaking[/color]",
  "item_2012048_description": "[color=FFFFF400]20[/color] Cyberkeys to merge [color=FFFFF400]Rampage[/color]，a member of [color=FFFFF400]Predaking[/color]",
  "item_2012049_description": "[color=FFFFF400]15[/color] Cyberkeys to merge [color=FFFFF400]Divebomb[/color]，a member of [color=FFFFF400]Predaking[/color]",
  "item_2012050_description": "[color=FFFFF400]20[/color] Cyberkeys to merge [color=FFFFF400]Razorclaw[/color]，a member of [color=FFFFF400]Predaking[/color]",
  "item_2012051_description": "[color=FFFFF400]15[/color] Cyberkeys to merge [color=FFFFF400]Tantrum[/color]，a member of [color=FFFFF400]Predaking[/color]",
  "item_2012053_description": "[color=FFFFF400]15[/color] Cyberkeys to merge [color=FFFFF400]Drag Strip[/color]，is a member of [color=FFFFF400]Menasor[/color]",
  "item_2012054_description": "[color=FFFFF400]15[/color] Cyberkeys to merge [color=FFFFF400]Dead End[/color]，a member of [color=FFFFF400]Menasor[/color]",
  "item_2012055_description": "[color=FFFFF400]15[/color] Cyberkeys to merge [color=FFFFF400]Breakdown[/color]，a member of [color=FFFFF400]Menasor[/color]",
  "item_2012056_description": "[color=FFFFF400]20[/color] Cyberkeys to merge [color=FFFFF400]Wildrider[/color]，a member of [color=FFFFF400]Menasor[/color]",
  "item_2012057_description": "[color=FFFFF400]20[/color] Cyberkeys to merge [color=FFFFF400]Motormaster[/color]，a member of [color=FFFFF400]Menasor[/color]",
  "item_2012059_description": "[color=FFFFF400]20[/color] Cyberkeys to merge [color=FFFFF400]Onslaught[/color]，a member of [color=FFFFF400]Bruticus[/color]",
  "item_2012060_description": "[color=FFFFF400]15[/color] Cyberkeys to merge [color=FFFFF400]Blast Off[/color]，a member of [color=FFFFF400]Bruticus[/color]",
  "item_2012061_description": "[color=FFFFF400]20[/color] Cyberkeys to merge [color=FFFFF400]Brawl[/color]，a member of [color=FFFFF400]Bruticus[/color]",
  "item_2012062_description": "[color=FFFFF400]15[/color] Cyberkeys to merge [color=FFFFF400]Vortex[/color]，a member of [color=FFFFF400]Bruticus[/color]",
  "item_2012063_description": "[color=FFFFF400]15[/color] Cyberkeys to merge [color=FFFFF400]Swindle[/color]，a member of [color=FFFFF400]Bruticus[/color]",
  "item_2012065_description": "[color=FFFFF400]30[/color] Cyberkeys to merge [color=FFFFF400]Scourge[/color]",
  "item_2012066_description": "[color=FFFFF400]30[/color] Cyberkeys to merge [color=FFFFF400]Rampage[/color]",
  "item_2012067_description": "[color=FFFFF400]30[/color] Cyberkeys to merge [color=FFFFF400]Galvatron[/color]",
  "item_2012068_description": "[color=FFFFF400]10[/color] Cyberkeys to merge [color=FFFFF400]Weirdwolf[/color]",
  "item_2012069_description": "[color=FFFFF400]10[/color] Cyberkeys to merge [color=FFFFF400]Fangry[/color]",
  "item_2012070_description": "[color=FFFFF400]10[/color] Cyberkeys to merge [color=FFFFF400]Snarl[/color]",
  "item_2012071_description": "[color=FFFFF400]10[/color] Cyberkeys to merge [color=FFFFF400]Tracer[/color]",
  "item_2012072_description": "[color=FFFFF400]10[/color] Cyberkeys to merge [color=FFFFF400]Dropshot[/color]",
  "item_2012073_description": "[color=FFFFF400]10[/color] Cyberkeys to merge [color=FFFFF400]Bombshock[/color]",
  "item_2012074_description": "[color=FFFFF400]5[/color] Cyberkeys to merge [color=FFFFF400]Reflector[/color]",
  "item_2012075_description": "[color=FFFFF400]10[/color] Cyberkeys to merge [color=FFFFF400]Barricade[/color]",
  "item_2012076_description": "[color=FFFFF400]10[/color] Cyberkeys to merge [color=FFFFF400]Misfire[/color]",
  "item_2021003_description": "To merge Fire-ball Bomb",
  "item_2021004_description": "To merge Dry Ice Attack",
  "item_2021005_description": "To merge Energon Beam",
  "item_2021006_description": "To merge Punch Attack",
  "item_2021011_description": "To merge Electronic Shock Wave",
  "item_2021012_description": "To merge Hydrochloric Bomb",
  "item_2021013_description": "To merge Flame Strafe",
  "item_2021021_description": "To merge Assassin",
  "item_2021022_description": "To merge Precise Sniper",
  "item_2021023_description": "To merge Tomahawk Missile",
  "item_2021024_description": "To merge Impulse Beam",
  "item_2021031_description": "To merge Combination Blow",
  "item_2021032_description": "To merge Blind Beam",
  "item_2021033_description": "To merge Rocket Bomb",
  "item_2021034_description": "To merge Energon Impulse",
  "item_2021041_description": "To merge Long-range Strike",
  "item_2021042_description": "To merge Electronic Impulse Bomb",
  "item_2021043_description": "To merge Freezing Wave",
  "item_2021044_description": "To merge High Energy Particle Bomb",
  "item_2021051_description": "To merge Heat Laser",
  "item_2021052_description": "To merge Ball Lightning",
  "item_2021053_description": "To merge Antimatter Shock",
  "item_2021054_description": "To merge Gaea Impact",
  "item_2021061_description": "To merge Flame Fog",
  "item_2021062_description": "To merge Thunder Attack",
  "item_2021063_description": "To merge Ice Beam",
  "item_2021064_description": "To merge Sound Wave Bomb",
  "item_2021071_description": "To merge Sonic Strike",
  "item_2021072_description": "To merge Prism Reflection",
  "item_2021073_description": "To merge Electronic Storm",
  "item_2021074_description": "To merge Acetylene Flame",
  "item_2021081_description": "To merge Anger of Titan",
  "item_2021082_description": "To merge Positron Ray",
  "item_2021083_description": "To merge Mobile Nuclear Bomb",
  "item_2021084_description": "To merge Absolute Zero",
  "item_2021101_description": "To merge First-aid",
  "item_2021102_description": "To merge Emergency Treatment",
  "item_2021103_description": "To merge Rest All",
  "item_2021111_description": "To merge Electronic Interference",
  "item_2021112_description": "To merge Teeter",
  "item_2021113_description": "To merge Subzero Zone",
  "item_2021121_description": "To merge Sound Wave Shock",
  "item_2021122_description": "To merge Expose Weak Point",
  "item_2021123_description": "To merge Acid Pollution",
  "item_2021124_description": "To merge Corrosion Acid",
  "item_2021131_description": "To merge Interference Ray",
  "item_2021132_description": "To merge Flame Retardant",
  "item_2021133_description": "To merge High-energy Magnetic Field",
  "item_2021134_description": "To merge Mischief",
  "item_2022001_description": "To merge Rich Experience",
  "item_2022002_description": "To merge Battle-scarred",
  "item_2022003_description": "To merge Do More with Less",
  "item_2022004_description": "To merge Old Soldiers Never Die",
  "item_2022011_description": "To merge Rolling",
  "item_2022012_description": "To merge Speculator",
  "item_2022013_description": "To merge Money Talks",
  "item_2022014_description": "To merge Quantitative Easing",
  "item_2022021_description": "To merge Intensive Training",
  "item_2022022_description": "To merge Test of Faith",
  "item_2022023_description": "To merge Well Trained",
  "item_2022024_description": "To merge Senior Instructor",
  "item_2022031_description": "To merge Rapid Research",
  "item_2022032_description": "To merge Integrated Circuit",
  "item_2022033_description": "To merge Cloud Computing",
  "item_2022034_description": "To merge Light of Technology",
  "item_2024001_description": "To merge Air Strike",
  "item_2024002_description": "To merge Magma Shot\"",
  "item_2024003_description": "To merge Gone with Wind",
  "item_2024004_description": "To merge Upheaval",
  "item_2024005_description": "To merge Earthquake Shock",
  "item_2024007_description": "To merge Blitzkrieg",
  "item_2024008_description": "To merge Time Stop",
  "item_2024010_description": "To merge Focus on Attacking",
  "item_2024011_description": "To merge Shot Attack",
  "item_2024012_description": "To merge High Frequency Sound Bomb",
  "item_2024013_description": "To merge AP Bomb",
  "item_2024014_description": "To merge Heatseeker Missile",
  "item_2024015_description": "To merge Infrasonic Wave Explosion",
  "item_2024016_description": "To merge Grenade Strike",
  "item_2024017_description": "To merge High-speed Killer",
  "item_2024018_description": "To merge Air Shooter",
  "item_2024020_description": "To merge Perfect Chip",
  "item_2024021_description": "To merge Max Efficiency",
  "item_2024022_description": "To merge Investigation Master",
  "item_2024023_description": "To merge Ultimate Defend",
  "item_2024024_description": "To merge Reliable Shield",
  "item_2024025_description": "To merge Dazzle Light Wave",
  "item_2024026_description": "To merge Thought Reading",
  "item_2024027_description": "To merge Disapparate",
  "item_2024028_description": "To merge Space-time Gap",
  "item_2024029_description": "To merge Spy",
  "item_2024030_description": "To merge Mind Control"
}