{
  "ELS_OAUTH": "Now logining. Please wait.",
  "ELS_CHECK_BINARY_UPDATE": "Checking game version.",
  "ELS_GET_SERVER_LIST": "Getting the server list.",
  "ELS_CHECK_APPFRAME_UPDATE": "Checking resources. Please wait.",
  "ELS_CHECK_CONFIG_UPDATE": "Checking configuration.",
  "ELS_CHECK_DYNAMIC_UPDATE": "Checking images.",
  "ELS_COPY_APPFRAME_UPDATE": "Extracting resources.",
  "ELS_COPY_APPFRAME_UPDATE_NEW": "Extracting (no consumption of network flow).Please wait…",
  "ELS_COPY_CONFIG_UPDATE": "Extracting configuration.",
  "ELS_COPY_DYNAMIC_UPDATE": "Extracting images.",
  "ELS_DOWNLOAD_APPFRAME_UPDATE": "Downloading new contents.",
  "ELS_DOWNLOAD_CONFIG_UPDATE": "Downloading configuration.",
  "ELS_DOWNLOAD_DYNAMIC_UPDATE": "Downloading images.",
  "ELS_UPDATING": "Updating. Please wait.",
  "ELS_LOGIN": "Connecting servers. Please wait.",
  "ELS_LOADING": "Now loading. Please wait.",
  "message_ask_download_appframe": "Found new contents (%dk). Download now?",
  "message_ask_download_config": "Found new configuration (%dk). Download now?",
  "message_ask_download_dynamic": "Found new character resources ((%dk). Download now?",
  "message_oauth_error_temp": "Authentication failed. Please check your network environment and try again. Error Msg. 8002",
  "message_oauth_error_veri": "Authentication failed. Please check your network environment and try again. Error Msg. 8003",
  "message_oauth_error_token": "Authentication failed. Please check your network environment and try again. Error Msg. 8004",
  "message_oauth_error_unknown": "Authentication failed. Please check your network environment and try again. Error Msg. 8009",
  "app_name": "Transformers II",
  "error_download_framwork_title": "Error",
  "error_download_framwork_message": "Failed to update resources.",
  "error_dialog_retry": "Retry",
  "error_get_server_list": "Failed to get the server list.",
  "error_invalid_affcode": "Failed to get the server list. Authentication failure.",
  "error_download_config": "Failed to update the settings.",
  "error_copy_file_space_not_enough": "Insufficient storage space. At least %.2f%s is needed for extracting resources. Remaining space: %.2f%s",
  "message_download_config": "Updating the settings.",
  "message_download_framework": "Updating game resources.",
  "message_network_error": "Network error. Please check your network.",
  "message_server_maintain": "Servers are under maintenance. For detail information, please check the Mobage official site.",
  "message_login_error": "Failed to login. Error Msg. %d",
  "message_error_forbid_login": "Your account is frozen.",
  "message_error_not_allow_new": "You cannot create a new account of the server you selected. Please choose other servers.",
  "message_select_server": "Please select a server",
  "alert_prompt_title": "Tips",
  "last_login": "Last Login",
  "server_list": "Server List",
  "server_status_normal": "Idle",
  "server_status_busy": "Crowded",
  "server_status_full": "Full",
  "btn_text_error_get_server_list": "Retry",
  "btn_comfirm": "OK",
  "btn_confirm": "OK",
  "btn_cancel": "Cancel",
  "btn_retry": "Reload",
  "btn_quit": "Exit"
}