{
  "vip_1_desc": "Charge $1 to become VIP1  and get following privilege：\n\nSpace Coin got from Stroy Mode [color=ffff7800]increases to 5%[/color]\nEveryday Energon recovery times increases to [color=ffff7800]3[/color]\nTech cooling time upper limit increases to [color=ffff7800]30 minutes[/color]\nYou can purchase[color=ffff7800]VIP1 Pack[/color]",
  "vip_2_desc": "Charge $10 to become VIP2 and get following privilege：\n\nUnlock the [color=ffff7800]Skip[/color] function in battle\nChallenge times can be reset[color=ffff7800]1[/color]\nTech cooling time upper limit increases to [color=ffff7800]60 minutes[/color]\nYou can purchase [color=ffff7800]VIP2 Pack[/color],\nwhich contains all previous privilege",
  "vip_3_desc": "Charge $30 to become VIP3 and get following privilege：\n\nSpace Coin go from Story Mode [color=ffff7800]increases to 10%[/color]\nEveryday Arena challenge recovery times increases to [color=ffff7800]3 times[/color]\nTech recovery time upper limit increase [color=ffff7800]90 minutes[/color]\nYou can purchase [color=ffff7800]VIP3 Pack[/color],\nwhich contains all previous privilege",
  "vip_4_desc": "Charge $60 to become VIP4 and get following privilege：\n\nEveryday Energon recovery times increases to [color=ffff7800]4 times[/color]\nEveryday fragment scramble recovery times increases to [color=ffff7800]3 times[/color]\nTech recovery time upper limit increase [color=ffff7800]120 minutes[/color]\nYou can purchase [color=ffff7800]VIP4 Pack[/color],\nwhich contains all previous privilege",
  "vip_5_desc": "Charge $100 to become VIP5 and get following privilege：\n\nUnlock [color=ffff7800]Successive Upgrade [/color] of gears\nStage challenge can be reset [color=ffff7800]2 times[/color]\nTech recovery time upper limit increase [color=ffff7800]150 minutes[/color]\nYou can purchase [color=ffff7800]VIP5 Pack[/color],\nwhich contains all previous privilege",
  "vip_6_desc": "Charge $200 to become VIP6 and get following privilege：\n\nSpace Coin go from Story Mode [color=ffff7800]increases to 15%[/color]\nEveryday Arena challenge recovery times increases to [color=ffff7800]4 times[/color]\nTech recovery time upper limit increase [color=ffff7800]180 minutes[/color]\nYou can purchase [color=ffff7800]VIP6 Pack[/color],\nwhich contains all previous privilege",
  "vip_7_desc": "Charge $300 to become VIP7 and get following privilege：\n\nUnlock [color=ffff7800]Sweep[/color] of Story Mode battle\nEveryday fragment scramble recovery times increases to [color=ffff7800]4 times[/color]\nTech recovery time upper limit increase [color=ffff7800]210 minutes[/color]\nYou can purchase [color=ffff7800]VIP7 Pack[/color],\nwhich contains all previous privilege",
  "vip_8_desc": "Charge $500 to become VIP8 and get following privilege：\n\nEveryday Energon recovery times increases to [color=ffff7800]5 times[/color]\nEveryday Arena challenge recovery times increases to [color=ffff7800]5 times[/color]\nTech recovery time upper limit increase [color=ffff7800]240 minutes[/color]\nYou can purchase [color=ffff7800]VIP8 Pack[/color],\nwhich contains all previous privilege",
  "vip_9_desc": "Charge $700 to become VIP9 and get following privilege：\n\nEveryday fragment scramble recovery times increases to [color=ffff7800]5 times[/color]\nEveryday Arena challenge recovery times increases to [color=ffff7800]6 times[/color]\nTech recovery time upper limit increase [color=ffff7800]270 minutes[/color]\nYou can purchase [color=ffff7800]VIP9 Pack[/color],\nwhich contains all previous privilege",
  "vip_10_desc": "Charge $1000 to become VIP10 and get following privilege：\n\nStage challenge can be reset [color=ffff7800]3 times[/color]\nTech recovery time upper limit increase [color=ffff7800]300 minutes[/color]\nYou can purchase [color=ffff7800]VIP10 Pack[/color],\nwhich contains all previous privilege",
  "vip_11_desc": "Charge $2000 to become VIP11 and get following privilege：\n\nSpace Coin go from Story Mode [color=ffff7800]increases to 20%[/color]\nEveryday fragment scramble recovery times increases to [color=ffff7800]6 times[/color]\nTech recovery time upper limit increase [color=ffff7800]330 minutes[/color]\nYou can purchase [color=ffff7800]VIP11 Pack[/color],\nwhich contains all previous privilege",
  "vip_12_desc": "Charge $4000 to become VIP12 and get following privilege：\n\nStage challenge can be reset [color=ffff7800]4 times[/color]\nEveryday Energon recovery times increases to [color=ffff7800]6 times[/color]\nTech recovery time upper limit increase [color=ffff7800]360 minutes[/color]\nYou can purchase [color=ffff7800]VIP12 Pack[/color],\nwhich contains all previous privilege",
  "vip_13_desc": "Charge $8000 to become VIP13 and get following privilege：\n\nEveryday fragment scramble recovery times increases to [color=ffff7800]7 times[/color]\nEveryday Arena challenge recovery times increases to [color=ffff7800]7 times[/color]\nTech recovery time upper limit increase [color=ffff7800]390 minutes[/color]\nYou can purchase [color=ffff7800]VIP13 Pack[/color],\nwhich contains all previous privilege",
  "vip_14_desc": "Charge $15000 to become VIP14 and get following privilege：\n\nEveryday fragment scramble recovery times increases to [color=ffff7800]8 times[/color]\nEveryday Arena challenge recovery times increases to [color=ffff7800]8 times[/color]\nTech recovery time upper limit increase [color=ffff7800]420 minutes[/color]\nYou can purchase [color=ffff7800]VIP14 Pack[/color],\nwhich contains all previous privilege",
  "vip_15_desc": "Charge $30000 to become VIP15 and get following privilege：\n\nSpace Coin go from Story Mode [color=ffff7800]increases to 30%[/color]\nEveryday Energon recovery times increases to [color=ffff7800]8 times[/color]\nStage challenge can be reset [color=ffff7800]5 times[/color]\nEveryday fragment scramble recovery times increases to [color=ffff7800]10 times[/color]\nEveryday Arena challenge recovery times increases to [color=ffff7800]10 times[/color]\nTech recovery time upper limit increase [color=ffff7800]480 minutes[/color]\nYou can purchase [color=ffff7800]VIP15 Pack[/color],\nwhich contains all previous privilege"
}