{
  "battleCombiner_1_name": "大力神之战",
  "battleCombiner_1_desc": "击败挖地虎收集塞星匙",
  "battleCombiner_2_name": "飞天虎之战",
  "battleCombiner_2_desc": "击败飞虎队收集塞星匙",
  "battleCombiner_3_name": "大无畏之战",
  "battleCombiner_3_desc": "击败飞行太保收集塞星匙",
  "battleCombiner_4_name": "混天豹之战",
  "battleCombiner_4_desc": "击败战车队收集塞星匙",
  "trial_desc": "战斗试炼",
  "trial_1_name": "D级试炼",
  "trial_2_name": "C级试炼",
  "trial_3_name": "B级试炼",
  "trial_4_name": "A级试炼",
  "trial_5_name": "S级试炼",
  "initHero_1_desc": "技能：对敌方前排造成伤害",
  "initHero_2_desc": "技能：恢复本小队前排生命",
  "initHero_3_desc": "技能：对敌方后排造成伤害",
  "c_funcOpen_loginBonus": "每日登陆解锁",
  "c_funcOpen_worldBoss": "世界头目解锁",
  "c_funcOpen_friend": "盟友解锁",
  "c_funcOpen_tech": "科技功能解锁",
  "c_funcOpen_spark": "塞星匙解锁",
  "c_funcOpen_battleTower": "战斗塔活动解锁",
  "c_funcOpen_combiner": "组合金刚解锁",
  "c_funcOpen_skill": "技能解锁",
  "c_funcOpen_training": "训练功能解锁",
  "c_funcOpen_pvp": "竞技场解锁",
  "c_funcOpen_resource": "生产功能解锁",
  "c_funcOpen_operator": "操作员解锁",
  "c_funcOpen_sparkRob": "碎片抢夺解锁",
  "c_funcOpen_league": "联盟解锁",
  "c_funcOpen_skillUpgrade": "技能升级解锁",
  "c_funcOpen_sparkExchange": "塞星匙分解解锁",
  "c_funcOpen_evolve": "角色突破解锁",
  "c_funcOpen_sparkFuse": "塞星匙合成解锁",
  "c_funcOpen_develop": "角色培养解锁",
  "c_funcOpen_impart": "角色传授解锁",
  "c_funcOpen_chip": "芯片功能解锁",
  "c_funcOpen_chipFuse": "芯片合成解锁",
  "c_funcOpen_missionTrial": "试炼活动解锁",
  "c_funcOpen_missionCombiner": "组合之战解锁",
  "c_funcOpen_levelUpBonus": "等级礼包解锁",
  "c_funcOpen_heroUpdate": "进化功能解锁",
  "monthCard_name": "超值月卡",
  "monthCard_desc": "购买月卡每日获得120太空券，持续30天，更有专属特权！",
  "dailyQuest_login": "登录游戏",
  "dailyQuest_onlineGift": "领取在线奖励",
  "dailyQuest_gacha": "使用太空桥",
  "dailyQuest_rechageEnergy": "充电床充电",
  "dailyQuest_greet": "盟友打招呼",
  "dailyQuest_speaker": "扩音器聊天",
  "dailyQuest_missionnormal": "剧情(普通)获胜",
  "dailyQuest_missionhard": "剧情(精英)获胜",
  "dailyQuest_missionelite": "剧情(英雄)获胜",
  "dailyQuest_robSpark": "技能碎片抢夺",
  "dailyQuest_worldBoss": "世界头目讨伐",
  "dailyQuest_towerFight": "战斗塔战斗",
  "dailyQuest_combinerFight": "组合之战讨伐",
  "dailyQuest_trailFight": "试炼挑战胜利",
  "dailyQuest_energon": "能量块生产",
  "dailyQuest_techUpgrade": "科技升级",
  "dailyQuest_training": "训练室训练",
  "dailyQuest_develop": "角色培养",
  "dailyQuest_evolve": "角色突破",
  "dailyQuest_equipUpgrade": "装备强化",
  "dailyQuest_skillLevelUp": "技能升级",
  "dailyQuest_fuseChip": "芯片合成",
  "friendInvitation_description_1": "好友邀请奖励\n\n受邀奖励：\n在加入游戏后的[color=FFFFF400]#{0}小时[/color]内填写好友给予的邀请码，可以领取受邀奖励：\n",
  "friendInvitation_description_2": "\n邀请奖励：\n将自己的邀请码发给好友，在好友填写邀请码并且等级达到[color=FFFFF400]#{0}级[/color]后，即算是成功邀请了一个好友。成功邀请指定数量的好友后，可以获得邀请奖励：\n",
  "friendInvitation_sub_description_1": "[color=FFFFF400]#{0}x#{1}[/color]\n",
  "friendInvitation_sub_description_2": "成功邀请[color=FFFFF400]#{0}人[/color]：[color=FFFFF400]#{1}塞星匙x#{2}[/color]\n"
}