[
  {
    "keyWord": "basement",
    "name": "基地",
    "children": [
      {
        "keyWord": "help1",
        "name": "战队",
        "description": "基地—战队\r\n战队是指挥官派出进行各种作战的队伍。\r\n\r\n战队构成\r\n战队分为3个小队，每小队含1个前排位置、2个后排位置。战队的9个位置随指挥官等级上升而开放。\r\n\r\n战队编组\r\n已收编的博派与狂派队员可以混合组队编入战队，通常角色占1个位置，如果是组合金刚则占1小队的3个位置。\r\n\r\n战队调整\r\n可通过点击空白位置来添加新的战队成员，或按住拖动战队成员来交换战队位置。"
      },
      {
        "keyWord": "help2",
        "name": "组合金刚",
        "description": "基地—金刚组合\r\n变形金刚成员中有部分特定成员可以多体组合成一个组合金刚。组合金刚是变形金刚世界中强大的存在，战斗中极具杀伤力。\r\n\r\n组合能力\r\n组合金刚的能力由组成的各单体金刚的能力综合而成，如果参与战斗，由各单体金刚获得战斗经验成长，因此组合金刚成长较慢。\r\n\r\n组合上场\r\n组合金刚编入战队时单独占据1个小队3个位置。只有当各单体金刚未个别参与战队或担当操作员时，他们才能以组合的形式参与作战。\r\n\r\n查看组合\r\n可以在基地的组合金刚界面中查看各组合金刚及各单体成员的情况。"
      },
      {
        "keyWord": "help3",
        "name": "角色",
        "description": "基地—角色\r\n变形金刚角色可编入战队进行作战、担当基地操作员等多种工作，随角色能力等分为5级品质。\r\n\r\n角色培养\r\n每个变形金刚都拥有一定的属性培养空间，通过消耗培养能量块对变形金刚角色进行各种培养。\r\n\r\n角色突破\r\n消耗相应的突破能量块对到达相应等级条件的变形金刚进行升星突破，可极大提升变形金刚的能力。\r\n\r\n经验传授\r\n将准备退役的变形金刚的作战经验传授给其他变形金刚，传授后该角色将自动返回塞伯坦星球归隐，曾经消耗的培养能量块与突破能量块等将有一定的回收。"
      },
      {
        "keyWord": "help4",
        "name": "操作员",
        "description": "基地—操作员\r\n基地每个部门可安置一个非出战角色作为操作员，依据能力会对相应基地功能产生加成作用，同时操作员也可获得部分战斗经验。"
      },
      {
        "keyWord": "help5",
        "name": "科技",
        "description": "基地—科技\r\n发展基地科技可提升基地全体成员的属性能力，基地科技的种类与可提升等级上限随指挥官等级提升而开放。"
      },
      {
        "keyWord": "help6",
        "name": "生产",
        "description": "基地—生产\r\n基地中随时间产出培养能量块，生产完成收获后可立刻开始下一轮生产。"
      },
      {
        "keyWord": "help7",
        "name": "训练",
        "description": "基地—训练\r\n对变形金刚进行一段时间的模拟训练，同样可获得经验值提升等级，并且不影响同时加入战队与担当基地操作员，组合金刚不能训练。"
      },
      {
        "keyWord": "help8",
        "name": "装备",
        "description": "基地—装备\r\n装备模块可提升变形金刚的战斗属性。\r\n\r\n装备类型\r\n装备分为3大类，主要提升攻击属性的武装模块、主要提升防御属性的装甲模块与主要提升速度属性的动力模块，并随能力高低分为5种品质。\r\n\r\n装备强化\r\n可通过消耗太空币来强化装备模块，升级装备的等级，使装备的属性得以进一步提升，装备等级的上限受基地指挥官等级的限制。"
      },
      {
        "keyWord": "help9",
        "name": "技能",
        "description": "基地—技能\r\n变形金刚可通过装备技能来获得战斗中施放特殊技能以及在基地建设中提供加成等效果。\r\n\r\n技能类型\r\n技能按照功能分为3大类，战斗中施放的攻击技能、辅助技能与基地建设相关的基地技能，其中每个变形金刚固有1个天赋技能，并可任意装备2个技能。技能随性能分为5种品质。\r\n\r\n技能强化\r\n技能可通过合成其他任意技能获得经验值进行强化，提升技能等级后可获得更高的性能。"
      },
      {
        "keyWord": "help10",
        "name": "芯片",
        "description": "基地—芯片\r\n镶嵌芯片可提升8种战斗属性。\r\n\r\n芯片槽\r\n芯片槽随着变形金刚等级的提升而开放，最大为8个，多个芯片槽内可以重复镶嵌同一种属性芯片。\r\n\r\n将同种低级芯片合成可以获得该属性高一级的芯片。"
      },
      {
        "keyWord": "help11",
        "name": "塞星匙",
        "description": "基地—塞星匙\r\n塞星匙是变形金刚的灵魂，可用来合成出相应的变形金刚角色或转换成用于在黑市购买商品的黑市币。\r\n\r\n塞星匙合成\r\n将一定数量的相同的塞星匙进行合成，可获得新的变形金刚角色，角色品质不同需要的合成用塞星匙数量不同。\r\n\r\n塞星匙转换\r\n将塞星匙进行转换，可转换成用于在黑市购买商品的黑市币，塞星匙品质越高转换出的数量越高。"
      },
      {
        "keyWord": "help12",
        "name": "道具",
        "description": "基地—道具\r\n各种道具与礼包等都存放于此，对于礼包或物资箱可查看内含物品后再进行使用。"
      },
      {
        "keyWord": "help13",
        "name": "进化",
        "description": "基地—进化\r\n角色可以通过扫描进化成更高级的存在。"
      }
    ]
  },
  {
    "keyWord": "fight",
    "name": "战斗",
    "children": [
      {
        "keyWord": "help1",
        "name": "剧情",
        "description": "战斗—剧情\r\n随G1时代展开的变形金刚世界剧情，发展你的基地、指挥你的战队来获得胜利吧。\r\n\r\n剧情难度\r\n当某一章节的普通关卡全部获得三星评价，且前置精英关卡通关后，可解锁下一个精英关卡；同一章节的精英关卡全部获得三星评价，且前置英雄关卡通关后，可解锁下一个英雄关卡。"
      },
      {
        "keyWord": "help2",
        "name": "竞技场",
        "description": "战斗—竞技场\r\n在变形金刚世界中挑战排行榜，当战胜其他基地指挥官后排名就会上升，按照排名可获得大量用于角色培养的培养能量块。"
      },
      {
        "keyWord": "help3",
        "name": "碎片抢夺",
        "description": "战斗—碎片抢夺\r\n挑选合适的对手作战，胜利后有机会获得想要的技能碎片，每日拥有限制的抢夺次数。\r\n\r\n碎片合成\r\n将一定数量的技能碎片进行合成，可获得技能。"
      },
      {
        "keyWord": "help4",
        "name": "组合之战",
        "description": "战斗—组合之战\r\n随指挥官等级开启相应组合之战关卡，攻打相应组合金刚可获得组合金刚成员的塞星匙。"
      },
      {
        "keyWord": "help5",
        "name": "试炼",
        "description": "战斗—试炼\r\n每日拥有限定的试炼挑战次数，根据自己实力逐级向上挑战，获胜后可获得珍贵的突破能量块奖励。"
      },
      {
        "keyWord": "help6",
        "name": "世界头目",
        "description": "战斗—世界头目\r\n全世界的指挥官共同挑战每日定时来袭的巨大世界头目五面怪，按照相应的贡献可获得丰厚奖励。"
      },
      {
        "keyWord": "help7",
        "name": "战斗塔",
        "description": "战斗—战斗塔\r\n挑战战队实力的战斗塔，每天可从底层开始向上逐层挑战，直到实力不支失败，已经挑战胜利的层次可以快捷扫荡，战斗塔胜利可获得丰厚奖励。\r\n\r\n战斗塔刷新\r\n战斗塔每日刷新，可重复挑战。"
      }
    ]
  },
  {
    "keyWord": "activities",
    "name": "活动",
    "children": [
      {
        "keyWord": "help1",
        "name": "每日登录",
        "description": "活动—每日登录\r\n每天登录签到后能获得额外的奖励道具，每月签到的天数越长获得的奖励越多，登录签到奖励每个月会进行刷新。"
      },
      {
        "keyWord": "help2",
        "name": "礼包码",
        "description": "活动—礼包码\r\n输入来自游戏本身、宣传媒体、其他渠道获得的礼包码，可获得相应的礼包。"
      },
      {
        "keyWord": "help3",
        "name": "新手七日",
        "description": "活动—新手七日\r\n新手用户第1至第7天每天可以领取相应天数的超级丰厚的奖励。"
      },
      {
        "keyWord": "help4",
        "name": "充电床",
        "description": "活动—充电床\r\n每日两次定时开启充电床，可通过充电补充行动力。"
      },
      {
        "keyWord": "help5",
        "name": "限时活动",
        "description": "活动—限时活动\r\n游戏中会有一些限定时间的活动，请及时参加。"
      },
      {
        "keyWord": "help6",
        "name": "月卡",
        "description": "活动—月卡\r\n购买即得超值礼包以及月卡专享功能，次日登陆后30天内每日登陆可领取太空券。"
      }
    ]
  },
  {
    "keyWord": "social",
    "name": "社交",
    "children": [
      {
        "keyWord": "help1",
        "name": "盟友",
        "description": "社交—盟友\r\n可以和变形金刚世界中的其他基地指挥官结成盟友。\r\n\r\n列表\r\n这里显示所有的盟友，包括你已经向其发出申请、尚未得到通过的“未来”盟友。\r\n\r\n查找\r\n输入玩家在游戏中的昵称来查找其他基地指挥官，可以向他们发出盟友申请。\r\n\r\n申请\r\n其他基地指挥官向你发出的盟友申请会在这里显示。\r\n\r\n打招呼\r\n与其他盟友通过互相打招呼来换取恢复体力的道具。"
      },
      {
        "keyWord": "help2",
        "name": "联盟",
        "description": "社交—联盟\r\n可以在变形金刚世界中组建成基地指挥官联盟。"
      },
      {
        "keyWord": "help3",
        "name": "消息",
        "description": "社交—消息\r\n在消息系统中可收到4类消息，系统、战报、盟友、留言。系统在游戏内额外发放的物品、以及其他指挥官与你的交战战报都可在这里收取或观看。"
      },
      {
        "keyWord": "help4",
        "name": "聊天",
        "description": "社交—聊天\r\n通过聊天可向整个世界中发送信息让其他所有基地指挥官看到，每次发送将消耗1个扩音器。"
      },
      {
        "keyWord": "help5",
        "name": "排行",
        "description": "社交—排行\r\n对所有玩家的等级和战力进行排名,等级达到10级可进入等级排行，战力超过9000可进入战力排行。"
      },
      {
        "keyWord": "help6",
        "name": "好友邀请",
        "description": "社交—好友邀请\r\n在这里可以看到自己的邀请码，并且可以输入好友的邀请码。输入好友邀请码可领取奖励！"
      }
    ]
  },
  {
    "keyWord": "shop",
    "name": "商城",
    "children": [
      {
        "keyWord": "help1",
        "name": "太空桥",
        "description": "商城—太空桥\r\n太空桥中可召唤变形金刚加入基地，3种不同级别的太空桥可召唤的变形金刚品质不同，每个太空桥每10次召唤中必有1次获得该太空桥最高品质角色。\r\n\r\n免费启动\r\n每个太空桥都有一定的时间周期，当倒计时结束时可以无需消耗太空券免费获得一位变形金刚角色加盟。"
      },
      {
        "keyWord": "help2",
        "name": "道具商城",
        "description": "商城—道具商城\r\n道具商城中提供各种辅助道具和各种礼包，可用太空券进行购买。"
      },
      {
        "keyWord": "help3",
        "name": "充值",
        "description": "商城—充值\r\n太空券为变形金刚世界中的通用付费币，可兑换太空券然后在太空桥、道具商城或其他场合进行消费。"
      },
      {
        "keyWord": "help4",
        "name": "VIP",
        "description": "商城—VIP\r\nVIP为变形金刚世界中有特殊贡献的基地指挥官的等级，随着累计充值的额度提升。\r\n\r\nVIP功能\r\n每级VIP都会开放如跳过、扫荡等特权以及各种收益，并包含之前级别的所有功能。"
      },
      {
        "keyWord": "help5",
        "name": "黑市",
        "description": "商城—黑市\r\n玩家可以在这里使用黑市币换取各种物资，黑市每隔一段时间会刷新其中的商品。"
      }
    ]
  },
  {
    "keyWord": "system",
    "name": "系统",
    "children": [
      {
        "keyWord": "help1",
        "name": "设置",
        "description": "系统—设置\r\n在设置中可以调整游戏中的音乐音效以及其他功能。"
      },
      {
        "keyWord": "help2",
        "name": "帮助",
        "description": "系统—帮助\r\n变形金刚世界中各种功能的基本规则在这里分门别类的进行说明。"
      },
      {
        "keyWord": "help3",
        "name": "图鉴",
        "description": "系统—图鉴\r\n在变形金刚世界中曾经收编过的角色都能够在图鉴中进行阅览，可以查看角色原始与变形形态的细节大图。"
      },
      {
        "keyWord": "help4",
        "name": "公告",
        "description": "系统—公告\r\n在变形金刚世界中的重大事件或重大活动进行公告的场所。"
      }
    ]
  }
]