{
  "tf_11000001_name": "擎天柱",
  "tf_11000002_name": "艾丽塔",
  "tf_11000005_name": "铁皮",
  "tf_11000006_name": "克劳莉娅",
  "tf_11000007_name": "救护车",
  "tf_11000008_name": "感知器",
  "tf_11000009_name": "千斤顶",
  "tf_11000010_name": "钢锁",
  "tf_11000011_name": "嚎叫",
  "tf_11000012_name": "铁渣",
  "tf_11000013_name": "淤泥",
  "tf_11000014_name": "飞标",
  "tf_11000015_name": "通天晓",
  "tf_11000016_name": "爵士",
  "tf_11000017_name": "警车",
  "tf_11000018_name": "烟幕",
  "tf_11000019_name": "银霹雳",
  "tf_11000020_name": "变速箱",
  "tf_11000021_name": "鲁莽",
  "tf_11000022_name": "大汉",
  "tf_11000023_name": "开路先锋",
  "tf_11000024_name": "天火",
  "tf_11000025_name": "飞毛腿",
  "tf_11000026_name": "横炮",
  "tf_11000027_name": "轮胎",
  "tf_11000028_name": "红色警报",
  "tf_11000029_name": "消防车",
  "tf_11000030_name": "滑翔机",
  "tf_11000031_name": "浪花",
  "tf_11000032_name": "探长",
  "tf_11000033_name": "幻影",
  "tf_11000034_name": "飞过山",
  "tf_11000035_name": "大黄蜂",
  "tf_11000036_name": "营救车",
  "tf_11000037_name": "充电器",
  "tf_11000038_name": "吊车",
  "tf_11000039_name": "滑车",
  "tf_11000040_name": "火翼星",
  "tf_11000041_name": "宇宙飞碟",
  "tf_11000042_name": "巨浪",
  "tf_11000043_name": "犀牛",
  "tf_11000044_name": "发条",
  "tf_11000045_name": "喷射",
  "tf_11000046_name": "钢钳",
  "tf_11000047_name": "录音机",
  "tf_11000048_name": "猛大帅",
  "tf_11000049_name": "天猫号",
  "tf_11000050_name": "大力金刚",
  "tf_11000051_name": "罗嗦",
  "tf_11000052_name": "杯子",
  "tf_11000053_name": "补天士",
  "tf_11000054_name": "转轮",
  "tf_11000055_name": "阿尔茜",
  "tf_11000056_name": "战戟",
  "tf_11000057_name": "路霸",
  "tf_11000058_name": "旋刃",
  "tf_11000059_name": "空袭",
  "tf_11000060_name": "弹弓",
  "tf_11000061_name": "银剑",
  "tf_11000062_name": "飞火",
  "tf_11000063_name": "俯冲",
  "tf_11000065_name": "史迪",
  "tf_11000066_name": "乔伊",
  "tf_11000067_name": "格雷",
  "tf_11000068_name": "夜巡",
  "tf_11000069_name": "老顽固费特",
  "tf_11000070_name": "电子斗士海隆",
  "tf_11000071_name": "小诸葛黎恩",
  "tf_11000072_name": "大街",
  "tf_11000073_name": "刀刃",
  "tf_11000074_name": "热点",
  "tf_12000001_name": "威震天",
  "tf_12000002_name": "红蜘蛛",
  "tf_12000003_name": "闹翻天",
  "tf_12000004_name": "惊天雷",
  "tf_12000005_name": "硫酸雨",
  "tf_12000006_name": "太阳风",
  "tf_12000007_name": "滑流",
  "tf_12000008_name": "挽歌",
  "tf_12000009_name": "冲锋",
  "tf_12000010_name": "喷气机",
  "tf_12000011_name": "机器蝙蝠",
  "tf_12000012_name": "角龙",
  "tf_12000013_name": "剑龙",
  "tf_12000014_name": "轰隆隆",
  "tf_12000015_name": "迷乱",
  "tf_12000016_name": "锯齿鸟",
  "tf_12000017_name": "机器狗",
  "tf_12000018_name": "激光鸟",
  "tf_12000019_name": "蛮横",
  "tf_12000020_name": "声波",
  "tf_12000021_name": "震荡波",
  "tf_12000022_name": "洪灾",
  "tf_12000023_name": "阿卡维拉博士",
  "tf_12000024_name": "黑暗擎天柱",
  "tf_12000025_name": "钢牙",
  "tf_12000026_name": "火焰战士",
  "tf_12000027_name": "铁甲龙",
  "tf_12000029_name": "浪客",
  "tf_12000030_name": "游民",
  "tf_12000031_name": "黑云",
  "tf_12000032_name": "天煞",
  "tf_12000033_name": "炮弹",
  "tf_12000034_name": "反冲",
  "tf_12000035_name": "锹形虫",
  "tf_12000036_name": "毒液",
  "tf_12000037_name": "洗劫",
  "tf_12000038_name": "屠夫",
  "tf_12000039_name": "弹幕",
  "tf_12000040_name": "推土机",
  "tf_12000041_name": "搅拌者",
  "tf_12000042_name": "清扫机",
  "tf_12000043_name": "拖斗",
  "tf_12000044_name": "吊钩",
  "tf_12000045_name": "铲土机",
  "tf_12000047_name": "铁头",
  "tf_12000048_name": "猛虎",
  "tf_12000049_name": "大鹏",
  "tf_12000050_name": "利爪",
  "tf_12000051_name": "野牛",
  "tf_12000053_name": "抢劫",
  "tf_12000054_name": "封锁",
  "tf_12000055_name": "打击",
  "tf_12000056_name": "莽撞",
  "tf_12000057_name": "汽车大师",
  "tf_12000059_name": "袭击",
  "tf_12000060_name": "爆炸",
  "tf_12000061_name": "吵闹",
  "tf_12000062_name": "旋风",
  "tf_12000063_name": "诈骗",
  "tf_12000065_name": "瘟疫",
  "tf_12000066_name": "狂飙",
  "tf_12000067_name": "惊破天",
  "tf_12000068_name": "人狼",
  "tf_12000069_name": "天狼",
  "tf_12000070_name": "咆哮",
  "tf_12000071_name": "鬼难缠",
  "tf_12000072_name": "俯射",
  "tf_12000073_name": "霹雳弹",
  "tf_12000074_name": "照相机",
  "tf_12000075_name": "路障",
  "tf_12000076_name": "吊索",
  "tf_13000002_name": "奥利安",
  "tf_13000003_name": "钛师傅",
  "tf_11000001_description": "他强大、智慧、勇敢，是博派的领袖，领导博派对抗狂派。他出色的领导能力使得博派屡次在战斗中反败为胜。",
  "tf_11000002_description": "艾丽塔也是著名的博派领导人之一，可以说是擎天柱的女版。她领导女性汽车人，不惜一切代价地致力于将狂派赶出塞伯坦星球为目标而战斗着。",
  "tf_11000005_description": "铁皮总是为战斗时刻准备着，严肃、强硬，渴望战斗。他靠着对他的敌人的战绩一步步往上升迁。他拥有激光防御装甲，这使得在任何强大的敌人看来，他都是强劲的对手。",
  "tf_11000006_description": "她听命于艾丽塔，并担任副指挥官。当艾丽塔不在的时候负责领导团队。",
  "tf_11000007_description": "虽然救护车竭力避免战争，但这并不意味着他不懂得如何战斗。丰富的解剖学知识使他的攻击往往能够如手术刀一般致命。和他战斗绝对是一种恐怖的经历。",
  "tf_11000008_description": "他是塞伯坦星有史以来最出色的科学家。许多博派认为司空见惯的技术都是他的发明成果。他的伟大发明大大推进了科技的进步，并能够让其他工程师和发明家继续他的发明创造。",
  "tf_11000009_description": "他是一个发明家，会制造各种麻烦，也会解决很多问题。他进行技术革新的实验室必须被单独隔离，因为每天莫名其妙的爆炸频率很高。",
  "tf_11000010_description": "很多汽车人对他的忠诚度表示怀疑。他看重权利和力量胜过智慧和同情心，简直是狂派的作风。他更喜欢用他的能量刃来解决问题，这一点和擎天柱有很大分歧。",
  "tf_11000011_description": "他总是闷闷不乐且不爱交际，对执行钢索的命令也不太情愿，并缺乏主见。他的这种沉默寡言的性格更加剧了他的孤立。",
  "tf_11000012_description": "他气量狭小，充满暴力，卑鄙下流，对于机器恐龙的坏名声功不可没。他喜欢用喷出的火焰将敌人（甚至和他不和的同伴）融化。",
  "tf_11000013_description": "他是机器恐龙中愚蠢的代名词。喜欢用自己发达的四肢弥补头脑上的不足，比如在战场上跺一跺脚，让地面抖上两抖，以便让其他人知道他的出场。",
  "tf_11000014_description": "虽然有点爱炫耀，但是总的来说，他在机器恐龙中是最友好的一位。不过他的恐龙形态会令敌人和同伴都感到恐惧。他是一名出色的空战战士，拥有强大的武器。",
  "tf_11000015_description": "狂派对他的害怕程度仅次于擎天柱。丧命在他战锤之下的狂派数量在整个银河系中不计其数。他在战场上从未屈服！",
  "tf_11000016_description": "他是博派执行特种任务的理想人选。由于他聪明的头脑和天生的领导才能，经常被指派执行最危险和最敏感的任务。",
  "tf_11000017_description": "他是擎天柱的左右手，出色的管理者和逻辑学家。他的职责就是组织、训练博派战士，随时准备和狂派展开战斗。",
  "tf_11000018_description": "工作就是分散、混淆敌人的视线、散步虚假信息，并从内部分裂敌人。他是虚假信息散布大师，多亏了他的破坏分裂活动，使得博派能够屡次偷袭狂派成功。而他也对愚弄敌人感到乐此不疲。",
  "tf_11000019_description": "关于银霹雳似乎没有什么好说的，因为他从未谈起过关于自己的事情。但实际上，他是一个话唠，当自己独处的时候，他会自言自语。在战场上他会和敌人不停聊天。敌人有时候宁可被他的强大武器轰一炮而死，也好过被唠叨死。",
  "tf_11000020_description": "比起地球，他更喜欢塞伯坦星。对于流落到地球上，他总是不停地抱怨，以至于成了博派中的牢骚王，让人反而觉得有趣可笑。虽然他表现得比较消极，但是总是能够对团队做出积极的贡献。",
  "tf_11000021_description": "他的朋友们都说，鲁莽是通过泥泞灰暗的挡风玻璃来看待这个世界的。他是一个悲观主义者，他悲观厌世的情绪也体现在他的工作上，并总是抱怨这活干不了。不过最后总是能够出色地完成。",
  "tf_11000022_description": "他是爆破方面的专家。小小的个头却有惊人的力量，并经常以此来彰显他的男子汉气概，弥补身材上的劣势。他喜欢挑战，经常和比他大好几倍的对手战斗。",
  "tf_11000023_description": "他诙谐幽默，爱开玩笑，是博派中的开心果。他牢不可摧的力场和鼓舞人心的勇气弥补了他速度和效率上的不足。",
  "tf_11000024_description": "他曾经是塞伯坦星上最著名的科学家，但是突然在其声望如日中天的时候消失了。后来他在地球的冰川中被人们发现。重获自由的他，立刻投入到了战斗中，被认为是博派中最强大的战士之一。",
  "tf_11000025_description": "他只为了自己而战。只要他的喷漆工作不在重要关头的话，他会义无反顾地投入战斗。不过他更愿意回家放松一下，打磨打磨他的车身，而不是去和狂派干架。",
  "tf_11000026_description": "在战争开始之前，他是塞伯坦星上的一名有抱负的赛车冠军。可惜他鲁莽的性格和为了胜利不择手段的做法让他失去了立足之地。在加入博派之后，他决定进行自我救赎。",
  "tf_11000027_description": "如果一定要说一样轮胎热爱的东西，那无疑就是他自己。他近乎自恋地迷上了自己的完美身体上被太阳反射出的亮晶晶的光泽。他绝对不是一个懦夫，他竭力避免战争的唯一原因就是为了保护自己完美的身体不受到诸如划痕和凹陷的伤害。",
  "tf_11000028_description": "他是博派的安保人员，会在每个地方都安装探头和隐蔽的传感器，同时监视敌人和同伴。多亏了他这种近乎职业病似的爱好，及时发现并阻止了多次狂派的阴谋。",
  "tf_11000029_description": "搜索与营救是他的主要功能。当然，他也非常喜欢和狂派战斗。他喜欢用能量阻滞力场，使敌人的武器失效，或者使用化学泡沫让敌人陷入混乱。",
  "tf_11000030_description": "他并没有厚重的装甲和强大的火力，但是在空战方面，是一名值得信赖的专家级高手。他能够使用自己出色的飞行技术来迷惑和躲避敌人。",
  "tf_11000031_description": "在任何星球上的任务时候，浪花都是一名完美的战士。不过由于他不太适应陆地，因此在陆战方面的表现一般。但是在水中，很上有人能和他匹敌。",
  "tf_11000032_description": "博派的首席侦探。他能够感知到敌人留下的哪怕是最微小的电磁辐射，从而让敌人无所遁形。",
  "tf_11000033_description": "他是博派间谍成员之一，专门从事破坏活动。他拥有特殊的电子干扰武器，能够制造复杂的幻觉，并借此隐形。他对于同伴非常忠诚，并且是个爱开玩笑的人。",
  "tf_11000034_description": "不知道在哪儿找到飞过山？去战场就对了，哪里有打仗，哪里就少不了这个好斗的家伙。没有什么比将狂派分子揍成马蜂窝更让他感到快意的了。",
  "tf_11000035_description": "他是博派中最出色的间谍。他身材很小，能够轻松出入敌人的阵地而不被察觉。不过可别小看了他，虽然个头小，但是在博派中却是最强大的战士之一。",
  "tf_11000036_description": "他对地球上的电视感到着迷，和别人交流的时候都是引用广告和电影中的台词。虽然这让他看上去性格非常古怪，不过在战场上的表现毫不逊色。",
  "tf_11000037_description": "虽然他的速度不是最快的，但是他有着令人难以置信的加速度，能够在1秒内从0加速到每小时130公里！他能够产生强大的电磁场，能够用来发射他手臂上的加农炮。",
  "tf_11000038_description": "他是一名闻名塞伯坦星的伟大建筑艺术大师。在塞伯坦星的城市中，他那直达天际的标志性建筑随处可见。不过在他的大部分作品在战争中被毁坏之后，现在他只是为博派建造功能性的庇护所建筑。",
  "tf_11000039_description": "他就像博派的家庭医生。每位汽车人的例行检查和维护都是他来做的。他乐观友好，并热爱着自己的工作。",
  "tf_11000040_description": "火翼星是艾丽塔团队的女性成员之一。她和消防车以及克劳莉娅是好朋友。",
  "tf_11000041_description": "宇宙飞碟孤独地待在外层空间，他会在夜间盘旋在人类的后院吓唬他们，或是以锯齿形在流星雨中穿梭，以此来排遣无聊。",
  "tf_11000042_description": "他对战争完全不感兴趣。他宁愿进行一场遥远而孤独的旅行，前往一望无际的沙漠和海岸。只有在这些地方，才能让他感到完全逃离博派和狂派之间无休止的战争。",
  "tf_11000043_description": "尽管一些人相信战斗可以以某种友好的竞赛来解决，但是他还是更相信自己无往不利的尖角能够解决任何问题。",
  "tf_11000044_description": "发条那超忆症似的记忆力总是能够记住任何事情。这使他成为了一名出色的间谍，尽管数据超载总是引起偏头痛。不过还好有巨雷在，能够用发条钟爱的温柔的打雷来抚慰发条的头痛。",
  "tf_11000045_description": "喷射始终虔诚地笃信着，如果博派和狂派之间的争端能够通过某种和平友好的竞赛来解决的话，那么战争一定会结束的。",
  "tf_11000046_description": "他是高明的追踪者，他的传感器能够感知到800公里以外的危险。他武装有两把太阳能弹丸枪，他的决心就如他的利齿一样坚忍不拔。",
  "tf_11000047_description": "他喜欢地球的音乐，特别是摇滚乐。他是一名出色的战士，虽然有时候不太听从命令，总是按照自己的节拍行事，不管是跟随音乐跳舞还是和狂派掐架。",
  "tf_11000048_description": "他总是表现得非常谦虚，但实际上实力非常强大、充满智慧和勇气。他对博派无比忠诚，总是相信自己还能为博派奉献更多的力量，这一点受到了同伴很高的评价。",
  "tf_11000049_description": "作为一个强大的战士，天猫号很自我为中心，又爱说大话。他无畏而又大胆，总是觉得自己比许多汽车人同胞要更为优秀。",
  "tf_11000050_description": "作为塞伯坦的守护者，大力金刚倾向于回避介于博派和狂派之间的小规模冲突。但是，当他的世界的安全受到威胁时，他终于觉醒了，在他指挥下的强大军火库震撼着整个星球的根基。",
  "tf_11000051_description": "由于他说话行动都极为迅速，不少人会认为他很没有耐心。不过正相反，这是他做事有决心的体现，不管是在帮助同伴还是和敌人战斗的时候。",
  "tf_11000052_description": "有传言称，杯子能够免疫激光。甚至能够在敌人最密集的火力网下闲庭信步而不会受到一点伤害！他手下的士兵们认为他是不是哪里出了毛病了，不过即便如此，在任何场合，他们都很愿意服从他的指挥。",
  "tf_11000053_description": "年轻勇敢，他会不顾一切地一头扎进危险中。他崇尚英雄般的功绩，希望着有朝一日，他的行为能够得到回报。虽然他的实战经验不足，但是一个很有天分的战士。",
  "tf_11000054_description": "他是一次星际移民飞船坠毁事故中唯一的幸存者。为了生存下去的坚定信念使他养成了狡猾、大胆和行事诡秘的性格。他非常厌恶狂派的人，是机器恐龙、补天士、杯子的坚定盟友。",
  "tf_11000055_description": "她敏捷、机智，随时准备着进行战斗。也许她的力量不是最强的，但是她令人惊叹的出色格斗技巧足以弥补任何她在火力上的不足。",
  "tf_11000056_description": "有战斗的地方，就一定有他的身影。他有着超强的护甲和武器，这让他经常无视命令和战术蛮干。他喜欢一头扎进战场中战斗最激烈的地方，然后用他的重型武器对着敌人猛轰，直到敌人连渣都不剩下为止。",
  "tf_11000057_description": "他热衷于去救援所有需要救助的人，在失去所有希望之前，他绝不会放弃。然而不幸的是，战争就不可避免地要有人牺牲，这一点对他的激情是一个承重的打击。",
  "tf_11000058_description": "他相信，从逻辑上来说，发狂是一种极其有效的武器。他在直升飞机模式时的极高的操控性，看上去就像一个左摇右摆的，得了羊癫疯的失控的精神病人。",
  "tf_11000059_description": "初生牛犊不怕虎的年轻战士，有些人也许会认为他很鲁莽，因为他会用脑袋撞敌人。他在生活中的唯一真正目的就是：取乐。",
  "tf_11000060_description": "他是个喜欢自吹自擂的牛皮大王。许多人认为，他那浮躁自夸、舌燥惹人嫌的性格，其实是为了掩饰他在飞行太保中最弱小所带来的不安全感。",
  "tf_11000061_description": "他有恐高症，但绝不向此妥协。他一直努力向人们展示自己是个勇敢、有决心的战士的一面。作为飞行太保的领导，他已经证明了自己是个非常有能力的指挥官。",
  "tf_11000062_description": "当他开始起飞的时候，博派的成员都要和他保持足够的安全距离。他是如此地喜欢飞行，以至于有的时候他会忘了自己的身边还有其他人在飞，从而造成碰擦事故。他在空中的热情和无畏的精神，弥补了他的冒失。",
  "tf_11000063_description": "他是一个军事迷，他更喜欢研究空战历史，而不是参与其中。他对于一切空战知识的渴望，使他成为一名特殊的空战战略家。无论是在狂派还是在博派，在空战知识方面能够和他一较高下的人屈指可数。",
  "tf_11000065_description": "史迪很笨手笨脚，但是挺可爱。他的可爱，是在他每次闯祸的时候，让他的同伴能够宽恕他的唯一方法。他总是忘记带上炸药，但他总能够在战斗中凭借纯粹的运气完成任务，这就是所谓的傻人有傻福。",
  "tf_11000066_description": "他是一名改过自新的偷车贼，现在是一名出色的机械师。同时他也是一名疯狂的赛车手，喜欢在公路上不计后果地飙车寻找刺激，为了寻找刺激而战斗。而这一点也惹恼了一些循规蹈矩的博派同伴。他装有钛合金的轮子，抓地力很强，能够在道路上实施精准的操控。",
  "tf_11000067_description": "他是首屈一指的逃脱大师，即便在最极端的情况下，他都能够保持冷静的头脑和强大的逻辑思维。在逃脱方面，他简直就是传说般的存在。而这一切都始于在塞伯坦星球上一些极其危险的战斗。",
  "tf_11000068_description": "尽管他是循规蹈矩的严肃派，但有时候为了得到想要的东西，也会不择手段。他喜欢单独工作，这时候他的效率最高。不管是行驶在乡间的黑暗小道，还是宽敞明亮的六道高速公路，对他来说都是一样舒服的。他遇事能够用逻辑思维冷静地处理。",
  "tf_11000069_description": "他是一名纯粹的军人，将一切都奉献给了战斗，这也使得他的性格让人觉得非常死板。他极少征求别人的意见，和战斗无关的事情也几乎从不参与。很多人都觉得他不通世故，但是在战场上，他绝对是博派值得信赖的力量。",
  "tf_11000070_description": "他总是会抛出一连串艰深难懂的词汇，以显示他在语言学方面的天赋，这点会令他的同伴感到头疼。他总是会对某件事情想得太多，但最后往往证明他是对的，只要这些事情是设计到战略方面。",
  "tf_11000071_description": "小诸葛黎恩对自己的智慧自视甚高，并以高智商在博派中广为人知。。他是一名非常疯狂的科学家，总是不考虑安全和后果地做一些非常危险的实验。因此他的博派同伙可不愿意去测试那些他发明的新武器或装置。",
  "tf_11000072_description": "没有任何事情能够逃脱大街的注意。他对于适应所处的环境有着惊人的适应能力。他聪明有决断力，没有什么事情能够阻止他寻找猎物……除非他没有能量了。",
  "tf_11000073_description": "他是一名街头战士，比起飞行来，他更喜欢用他的旋转刀刃来和狂派战斗，认为远程的空袭是卑鄙和怯弱的表现。",
  "tf_11000074_description": "只要有任务的地方，就有他的身影。他拥有不凡的魅力和振奋人心的行动力，以至于其他机器卫兵很难跟上他永不停歇的脚步。他相信在一生中，要时刻保持火力全开的状态。",
  "tf_12000001_description": "他最初的身份是一名在地下矿场打黑拳的角斗士。在那儿，他学到了弱肉强食的残酷规则，从那一刻起，他下定决心要成为最强者！",
  "tf_12000002_description": "红蜘蛛曾作为保卫塞伯坦星球的战士光荣地战斗过。不过长期在轨道平台上的隔离生活使得他变得贪婪和野心勃勃。至于加入狂派能够领导一支军队，这何乐而不为呢。",
  "tf_12000003_description": "他尽管没有聪明的头脑，但是却掌握着一项强大的技术：心灵传动。他在战斗方面实力较弱，更喜欢用他特有的能力来捉弄敌人甚至同伴。至少有些时候，对调剂团队中的气氛起到了一定作用。",
  "tf_12000004_description": "他是使用声音方面的专家。他的音爆甚至在数千里之外也能感觉到，任何听到它的人都会感到无比恐惧和不安。",
  "tf_12000005_description": "狂派空军的一员，以“人工降雨”而著称。他非常聪明、热情，愿为了狂派而奉献所有。他有编集整理大量数据的能力，这种能力使他成为了一名雄辩家。",
  "tf_12000006_description": "如果鲜艳的色彩是大自然向人们警告“请勿碰触”的方式，那么大自然比起太阳风可差远了。如果你靠他过近，你的电路将会短路，钢结构会熔化，然后立刻死亡。",
  "tf_12000007_description": "她是女版红蜘蛛，来自于红蜘蛛的克隆体。非常具有战略头脑，但是说话比较刻薄，是个急性子。和所有的克隆体一样，她的性格体现了红蜘蛛性格的一个方面。",
  "tf_12000008_description": "他使用一种共振频率来对付所有的生物，并已经使用了好几个世纪了。产生这种共振频率的方法是使用他的引擎和声音传感器。他所到之处，无不令人闻风丧胆。",
  "tf_12000009_description": "在战争开始的早期，在狂派取得大量胜利后，他一度风光无限。但是后来，在博派形成气候并开始反击后，他只要一感觉到危险就会第一个溜之大吉。",
  "tf_12000010_description": "尽管他拥有冲击导弹和氩激光器这样强大的武器，但是他更愿略过这些花哨的手段，用身体撞碎挡在他面前的任何物体。有时候他的同伴也会不幸受到牵连。",
  "tf_12000011_description": "他是最不依赖于雇主声波的机器人。他的大多数时间都是独自度过的，设计复杂的金融方案来削弱博派的网络。",
  "tf_12000012_description": "从他的名字中我们就可以看出他的性格。有时候这种性格对他是有利的，比如他那永无止境的长篇大论能够在战场上使敌人分心。但有时候，他的狂妄自大只会给自己带来麻烦。",
  "tf_12000013_description": "他脑瓜不太好使，或者干脆点说，他就是个十足的傻瓜蛋。而且他的脾气非常暴躁，稍有胆敢忤逆他的人，他就会暴跳如雷，变得具有破坏性。",
  "tf_12000014_description": "没有什么比制造混乱和搞破坏让他更享受的事情了。他强大无比的打桩机敲击地面发出的震荡波能够震飞汽车人，摧毁建筑物并使大地龟裂。",
  "tf_12000015_description": "他是一名狂热的进攻崇尚者，在身上有一面能产生声波攻击的鼓，能够完全破坏敌人身体里的电流。在战场上是一个非常让人头疼的对手。",
  "tf_12000016_description": "他是一名艺术家，而搞艺术的对象就是他的受害者。他会用自认为精准无比的方式摧毁敌人。不过他是个自私的家伙，如果他的创作被别人打断的话，会非常生气。",
  "tf_12000017_description": "声波最信任的间谍之一，对狂派忠贞不二。他会将自己躲藏在影子里，等待发动攻击的最佳时机，能够在他的偷袭下幸免的人凤毛麟角。",
  "tf_12000018_description": "他擅长间谍和暗杀，经常躲在难以察觉的角落中，将侦查到的情报传达给长官。同时也担当拷问俘虏的角色，用他的致命激光迫使囚犯招供。",
  "tf_12000019_description": "他外表看上去就像猩猩，并且好奇心旺盛，使他总是叽叽喳喳问个不停。不过不幸的是，他的这种好奇心包含在他的急躁和火爆的脾气中。",
  "tf_12000020_description": "他的身上充满了电子通讯设备，能够探测到哪怕是最微小的传动、破译最艰深的量子密码、并能够释放最强大的干扰信号。可以说他是狂派中作用最大的一员。",
  "tf_12000021_description": "他看上去对狂派忠贞不二，但实际上他只相信一件事情，那就是逻辑。他是高明的战略家和逻辑学家，并在一刻不停地计算着，随时准备用他威力强大的激光加农炮给予目标精确打击。",
  "tf_12000022_description": "洪灾是一个彻彻底底的疯狂科学家——他具备这样一个角色所需要的智力，能力，以及自我堕落。",
  "tf_12000023_description": "他自称邪恶天才，经常和狂派为伍。他喜欢所有疯狂的科学家，拥有一整套能够统治地球的设计，当然其成功率几乎没有。",
  "tf_12000024_description": "经过了许多年，通过偷来的技术，阿卡维拉博士建造了终极军事指挥官，黑暗擎天柱。他可以看成擎天柱的黑暗面，有着难以置信的强大力量，只对他选择的人效忠。",
  "tf_12000025_description": "他在鲨鱼精中特别贪吃和无畏，似乎只对最后一次喂他的人效忠。他在战场上的大胆冒失，只有他的食欲能够和其相提并论。",
  "tf_12000026_description": "她为了和博派的阿尔茜决战已经准备了好几年的时间。研究了对手的每一个动作，设计了一套作战方案。现在她在等待，她的武器已经准备好了，就等粗心的汽车人掉入她的陷阱。",
  "tf_12000027_description": "体型巨大、力大无穷，一个无法阻挡的毁灭者。他不太喜欢他的同伴，并极其痛恨博派。他能变形为一座巨大的炮台，足以毁灭敌人的军队。",
  "tf_12000029_description": "他的脑子里除了破坏还是破坏，这往往会妨碍他执行手头的任务。作为一个战场冲锋者，他能够快速冲入战场，极其迅速地完成变形。不过他会时不时地停下来欣赏一场壮观的爆炸。",
  "tf_12000030_description": "他着迷于用一切手段破坏从扭曲的金属到碎掉的玻璃的一切物品。作为战场冲锋者，他能够快速冲入任何一个战场，并造成巨大的破坏。他通过迅速的变形造成大屠杀，极少给对手反应的机会。",
  "tf_12000031_description": "他和他的挚友搭档天煞一样，看待任何事情都非常悲观。他认为一切事物都是毫无意义、没有希望的。这不可避免地导致了痛苦永无止境的人生。他确信，其他人总是比自己做得更糟。",
  "tf_12000032_description": "他看待任何事物都是消极、阴暗的。他做事的方式，似乎总是当他最好的朋友像空气一样不存在似的。他犹如暴风雨般不详、如同寒冬一样冰冷。在喷气式飞机形态的时候，他也在有意无意地传达着这种悲观的情绪。",
  "tf_12000033_description": "心灵控制的专家，能够操控其他人的大脑，并对这项能力感到乐此不疲。他有时候也会恶搞，控制别人做出丢脸和具有破坏性的举动，这让他的同伴感到颇为头疼。",
  "tf_12000034_description": "狂派中的领导者，拥有自己的军队，相对于其他听命于威震天的人来说，他显得更加独立。他用这种特权来聚集自己的“好友”，不过这些人后来都被迫成为了他的奴仆。",
  "tf_12000035_description": "他古怪的说话方式是他扭曲、倔强性格的体现。他是控制电力的大师，他非常乐于看到敌人在他的独特技能下抽搐、蠕动。",
  "tf_12000036_description": "机器昆虫的正式领导人，但是他总是怀疑别人窥视自己领导人的位置，从不信任任何人，喜欢用心理战来巩固自己的地位。",
  "tf_12000037_description": "简单粗暴的战士，喜欢战斗和破坏。这点得到了其他狂派成员的赞扬。在战斗的时候他会头脑发热，有时候会不顾自己的攻击可能对同伴也造成伤害！",
  "tf_12000038_description": "他有偷东西的习惯，只要是任何没有被牢牢焊接住或钉死的物体，都会成为他顺手牵羊的对象。他的同伴有时也会成为他盗窃癖的受害者。可以说他是偷窃方面的专家。",
  "tf_12000039_description": "他相信，胜利是不够的，一切都必须被夷为平地，然后，碎石要被烧成会撒向风中。他残忍、毫无同情心，任何给予敌人希望的行为都是他不能接受的。",
  "tf_12000040_description": "他是破坏方面的艺术家，狼藉的战场就是他的画布。他是一个完美主义者，对博派极其厌恶，认为他们是有缺陷的。当他创造他的“作品”的时候，所散布的混乱和恐惧得到同伴的高度赞扬。",
  "tf_12000041_description": "任何物体都能成为他的熔炼材料。他熔炼东西的本领与其说是科学，似乎更像是炼金术，从而被其他狂派成员质疑，不过对于他的努力成果还是非常肯定的。",
  "tf_12000042_description": "他总是狂热地试图在垃圾堆中找到有价值的东西从而向同伴证明自己的价值。但更多的时候带回来的却是一文不值的垃圾。偶尔，他的能力也能在狂派中发挥至关重要的作用。",
  "tf_12000043_description": "他总是在狂派的幕后默默工作，运送补给和建造设备来支持在前线战斗的同伴。虽然他也很想上战场和同伴并肩作战，但是他也知道自己现在的工作也是同样重要的。",
  "tf_12000044_description": "组成挖地虎的一员，总是认为自己是一名艺术家，事实上他确实是一名出色的工匠，同时也是个完美主义者，看不起其他的狂派成员。",
  "tf_12000045_description": "铲土机是挖地虎的工程师，其他挖地虎成员只是将他们的杰作给拼在一起，至于设计的工作，就全都落在铲土机的头上。",
  "tf_12000047_description": "他也许不是最强大和最聪明的，但是他总是握着他的光剑时刻准备着投入战斗。远距离的敌人可要小心他的发光的等离子球体，这种类似手榴弹的东西一扔出来就会爆炸。",
  "tf_12000048_description": "他脾气暴躁、精力无穷，他总是会没有任何征兆地陷入暴走状态，摧毁他身边的一切物体。这时候只有一样东西能够让他冷静下来，那就是愚蠢的肥皂剧电视节目。",
  "tf_12000049_description": "他无论什么时候都是一脸高兴的样子，总是能够保持愉快的心情。没有什么比在战场上空飞行，攻击下面无数目标让他感到更快乐的事情了。不过他却不喜欢和他的同伴一起组成冲云霄，而喜欢单独行动。",
  "tf_12000050_description": "当巨狰狞在狩猎的时候，他的头领就是利爪。他喜欢守株待兔，会为了等待自投罗网的猎物而长时间完全静止不动。愚蠢的人会认为他无精打采，不足为虑，不过他们大多成为了他的盘中餐。",
  "tf_12000051_description": "野牛喜欢用暴力来说话。喜欢破坏高架桥和小建筑物来发泄情绪。在破坏之后他的心情就会变得不错。",
  "tf_12000053_description": "他卑鄙无耻下流，并且不以为耻反以为荣。他讨厌失败，宁可被消灭。而对于威震天来说，他宁可把他融化而不愿与他交谈，不过对于博派来说，他是个更糟糕的搭档。在汽车模式时，他装备有一支等离子能量炮。",
  "tf_12000054_description": "他性格阴沉、相信宿命论，几乎找不出什么理由和博派一起把战斗继续下去。激励他去战斗一直是一个问题。他徒劳地花了大部分时间让自己闪亮发光。在汽车模式时，时速达到220公里。在机器人模式时，拥有压缩空气枪，能将每平方英寸40,000的空气喷射出去。",
  "tf_12000055_description": "他认为每个人都在盯着自己看，甚至是地球上的汽车和尾灯。他这种神经质的敏感多少妨碍了他的表现。他对拥挤的交通抱怨不已，在汽车模式时，引擎会发出震动，使得其他车辆产生机械故障。在机器人模式时，他拥有一把冲击枪。",
  "tf_12000056_description": "他对于自己造成的事故感到幸灾乐祸，狂笑不止。有些人会认为这是他假装如此，但了解他的人都知道，他确实就是那么没心没肺。在汽车模式下，他的时速能够达到250公里，并操控自如。在机器人模式下，他的散弹枪能够大范围地发射出镭射光线。",
  "tf_12000057_description": "他是飞虎队的领袖，但是他让人更多的是感到恐惧而不是尊敬。他自称是\\公路之王\\并渴望用破坏来向他的狂派弟兄们证明自己的实力。当他变成大卡车的时候，会发出轰隆隆的巨响。",
  "tf_12000059_description": "他相信精准和计划是成功的关键，所以会花费数小时的时间来制定详细周密的作战计划，还会考虑到突发事件。但是计划往往赶不上变化。",
  "tf_12000060_description": "他对任何不能靠自己的力量达到轨道的人表示蔑视。他拥有可怕的X射线武器，能够在数百公里以外摧毁目标，也能够和他的同伴一起组成新的机器人，混天豹。",
  "tf_12000061_description": "混天豹他非常暴躁、易怒，并进行过数不清的破坏活动。而作为组成部分之一的吵闹，对这种性格作出的贡献是不可磨灭的。这种性格释放在战场上的时候，就是一场灾难。",
  "tf_12000062_description": "许多汽车人害怕成为他的俘虏。他会用磁力抓斗将无助的俘虏在空中高高地吊起，并在进行惨无人道的虐待后将他们处决。",
  "tf_12000063_description": "他是武器方面的专家，甚至在将武器以最高的价格出售给他人方面也有着天赋异禀的能力。他是一名机会主义者，会利用一切机会来牟利！",
  "tf_12000065_description": "对于他强大力量的来源，人们知之甚少。因为凡是遇到过他的人都没有活下来的。他很少说话，从未透露过自己的秘密。他喜欢从空中袭击他的目标。",
  "tf_12000066_description": "他会不惜一切代价摧毁汽车人，在整个宇宙中寻找猎物，从不停息，直到所有汽车人都消失。",
  "tf_12000067_description": "他自负、强大、冷血，已经开始展现出对于一盘散沙的狂派的控制力。他组建了一支足以威胁到整个宇宙的军队。狂派成员都对他非常害怕，几乎没有人敢挑战他的权威。",
  "tf_12000068_description": "人狼，人如其名。他有事总是不断着自言自语地说着让人难以理解的话。许多他的狂派同伴认为他实在是太怪异了，但是他的愿望就是成为一名优秀的战士，并乐于服从命令。",
  "tf_12000069_description": "他脾气暴躁，行为难以预测。想要让他服从命令是非常困难的，因为谁都不知道他会在哪一科爆发。他的变形形态也是他喜怒无常的写照。",
  "tf_12000070_description": "他是一名残暴成性的恶霸，对于破坏的渴望倒是非常适合武装队。他非常乐意遵照命令行事，只要这命令是和破坏相关。",
  "tf_12000071_description": "他是武装队中不可分割的一部分，总是身先士卒地去侦查敌人，消弱敌人的实力。",
  "tf_12000072_description": "他不会觉得疼痛并从不放弃坚持到底。他不会再战斗和破坏东西的时候去度假，并认为破坏是一件有趣和愉悦的事情。",
  "tf_12000073_description": "他参加过赛博坦星球最大规模、最糟糕的内战，是武装队的好领袖，并且似乎对他的三名队友总是阴奉阳违毫不介意。",
  "tf_12000074_description": "他是观察狂，无论是自然景观、野生动物还是建筑物都是他极好的观察对象。当然他更喜欢观察他的同伴，并偷取他们的小秘密，并从中获得利益。",
  "tf_12000075_description": "他的特点和他的名字一样名副其实。由于他的灵巧的尺寸，他总是能够一马当先在前探路，先于其他路面狂派成员之前，渗透任务。他是一名冷酷的完美主义者，任何敢于违背他的人，都会被他加入黑名单。",
  "tf_12000076_description": "所有人都对进入战场的吊索避之不及。不论是汽车人还是霸天虎，都对他在战场上的表现相当警惕，因为没人知道他会打中谁。",
  "combiner_name_52001": "战车队",
  "combiner_name_52002": "挖地虎",
  "combiner_name_52003": "巨狰狞",
  "combiner_name_52004": "飞虎队",
  "combiner_name_52005": "飞行太保",
  "combiner_name_52006": "机器卫兵",
  "combiner_cmb_name_52001": "混天豹",
  "combiner_cmb_name_52002": "大力神",
  "combiner_cmb_name_52003": "冲云霄",
  "combiner_cmb_name_52004": "飞天虎",
  "combiner_cmb_name_52005": "大无畏",
  "combiner_cmb_name_52006": "守护神",
  "combiner_desc_52001": "由战车队的五个成员组合而成的混天豹拥有绝对的战斗实力，他能高效地完成首领的命令，让死亡的阴影笼罩整个战场。威震天恨不得有一个混天豹军队，擎天柱深深庆幸，这还好只是个妄想。",
  "combiner_desc_52002": "六个挖地虎战士组合成的大力神是一个非常强大的战士，但他面临着一个问题，组成他的六个成员的意见经常难以达成一致，使他行动迟缓。威震天对此倒没什么意见，因为这反而导致了他在战斗中具备了充满愤怒和破坏性的力量。",
  "combiner_desc_52003": "冲云霄融合了他的五个组合体对狩猎的狂热爱好，成为了霸天虎有史以来最危险和致命的武器。他武艺高强，精神敏锐，有着野兽一般的直觉，几乎依靠本能攻击敌人，这甚至让他的霸天虎同伴都担心起自己的安危。",
  "combiner_desc_52004": "飞天虎本是霸天虎的终极武器，但设计中的致命缺陷拖累了他。汽车大师对其他四名飞天虎成员深重的怨恨，加上态度的极端差异，使得飞天虎变得混乱暴躁，甚至会将暴力倾洒到他身边能接触到的一切。",
  "combiner_desc_52005": "尽管是由五个性格不一的飞行太保战士组合而成，大无畏仍能很好地压制大家纷杂的想法，将所有人的战斗目的统一为“消灭霸天虎”。这让他成为了一个强有力的战士，但其他汽车人有时会因为他的冷酷孤独对他敬而远之。",
  "relation_51001_name": "摇滚狂潮",
  "relation_51002_name": "磁带部队",
  "relation_51003_name": "科学之友",
  "relation_51004_name": "能量战士",
  "relation_51005_name": "头领战士",
  "relation_51006_name": "不打不相识",
  "relation_51007_name": "传承",
  "relation_51008_name": "传承",
  "relation_51009_name": "创造者",
  "relation_51010_name": "创造者",
  "relation_51011_name": "达特森",
  "relation_51012_name": "电视迷",
  "relation_51013_name": "多动症",
  "relation_51014_name": "法外之徒",
  "relation_51015_name": "飞行太保组合",
  "relation_51016_name": "飞虎队组合",
  "relation_51017_name": "孤独星球",
  "relation_51018_name": "孤芳自赏",
  "relation_51019_name": "红颜知己",
  "relation_51020_name": "红颜知己",
  "relation_51021_name": "话痨",
  "relation_51022_name": "机器恐龙",
  "relation_51023_name": "机器昆虫",
  "relation_51024_name": "机器卫兵组合",
  "relation_51026_name": "大块头",
  "relation_51027_name": "急先锋",
  "relation_51028_name": "建筑师",
  "relation_51029_name": "警戒与营救",
  "relation_51030_name": "旧时光",
  "relation_51031_name": "巨狰狞组合",
  "relation_51032_name": "抗击专家",
  "relation_51033_name": "科学之友",
  "relation_51034_name": "恐高症",
  "relation_51035_name": "磁带部队",
  "relation_51036_name": "科学之友",
  "relation_51037_name": "头领战士",
  "relation_51038_name": "微型战士",
  "relation_51039_name": "理性与感性",
  "relation_51040_name": "流氓小队",
  "relation_51041_name": "龙头怪组合",
  "relation_51042_name": "冒险家",
  "relation_51043_name": "谋逆之心",
  "relation_51044_name": "女性杀手",
  "relation_51045_name": "偶像之光",
  "relation_51046_name": "你是个好人",
  "relation_51047_name": "金童玉女",
  "relation_51048_name": "三尖头小队",
  "relation_51049_name": "神风队组合",
  "relation_51050_name": "双胞胎",
  "relation_51051_name": "思乡病",
  "relation_51052_name": "四驱越野",
  "relation_51053_name": "特工007",
  "relation_51054_name": "挖地虎组合",
  "relation_51055_name": "小型车战士",
  "relation_51056_name": "兄弟",
  "relation_51057_name": "立体声",
  "relation_51058_name": "大力士",
  "relation_51059_name": "飞机战车",
  "relation_51060_name": "宿敌",
  "relation_51061_name": "更高更快",
  "relation_51062_name": "爱美之心",
  "relation_51063_name": "矛与盾",
  "relation_51064_name": "一代首领",
  "relation_51065_name": "厌战分子",
  "relation_51066_name": "游击队",
  "relation_51067_name": "友情万岁",
  "relation_51068_name": "友情万岁",
  "relation_51069_name": "战车队组合",
  "relation_51070_name": "最谄媚的狂派",
  "relation_51071_name": "影像派",
  "relation_51072_name": "左膀右臂",
  "relation_51073_name": "红色三倍速",
  "relation_51074_name": "霹雳游侠",
  "relation_51075_name": "阴魂不散",
  "relation_51076_name": "继承者",
  "relation_51077_name": "二代首领",
  "relation_51078_name": "飞跃巅峰",
  "relation_51079_name": "誓死效忠",
  "relation_51080_name": "电光火石",
  "relation_51081_name": "摩托战士",
  "relation_51082_name": "英雄惜英雄",
  "relation_51083_name": "铜墙铁壁",
  "relation_51084_name": "进化",
  "relation_51085_name": "流浪者",
  "relation_51086_name": "角斗士"
}