{
  "item_211001_name": "究级氢弹发射器",
  "item_211002_name": "正电子肩炮",
  "item_211003_name": "双持正电子步枪",
  "item_211004_name": "正电子狙击步枪",
  "item_211005_name": "电磁轨道炮",
  "item_211006_name": "热核中子炮",
  "item_211007_name": "聚变聚能炮",
  "item_211008_name": "十二联光子炮",
  "item_211009_name": "螺旋质子步枪",
  "item_211010_name": "磁暴导弹",
  "item_211101_name": "脉冲光栅枪",
  "item_211102_name": "多联装光线炮",
  "item_211103_name": "光子脉冲手枪",
  "item_211104_name": "电磁扰频枪",
  "item_211105_name": "中微子来复枪",
  "item_211106_name": "伽马射线枪",
  "item_211107_name": "高聚能光子炮",
  "item_211108_name": "三联脉冲肩炮",
  "item_211109_name": "三联激光炮台",
  "item_211110_name": "穿甲榴弹炮",
  "item_211201_name": "镭射来复枪",
  "item_211202_name": "激光射频步枪",
  "item_211203_name": "氖射线肩炮",
  "item_211204_name": "高频激光步枪",
  "item_211205_name": "霰弹炮",
  "item_211206_name": "合金冲击钻",
  "item_211207_name": "光弦长弓",
  "item_211208_name": "磁力钳",
  "item_211209_name": "等离子场剑",
  "item_211210_name": "单分子震动刀",
  "item_211301_name": "火神机头炮",
  "item_211302_name": "激光肩炮",
  "item_211303_name": "火焰喷射器",
  "item_211304_name": "粒子炮",
  "item_211305_name": "三联激光枪",
  "item_211306_name": "激光榴弹炮",
  "item_211307_name": "激光手枪",
  "item_211308_name": "双联榴弹炮",
  "item_211309_name": "光焰阔剑",
  "item_211310_name": "疾风双刃",
  "item_211401_name": "火箭炮",
  "item_211402_name": "狙击步枪",
  "item_211403_name": "加特林机枪",
  "item_211404_name": "手枪",
  "item_211405_name": "能量铁锤",
  "item_211406_name": "长剑",
  "item_211407_name": "能量锯",
  "item_211408_name": "斧子",
  "item_211409_name": "狼牙棒",
  "item_211410_name": "匕首",
  "item_212001_name": "究级塞星守护者",
  "item_212002_name": "轮刺盾",
  "item_212003_name": "极化偏转盾牌",
  "item_212004_name": "电子扰乱器",
  "item_212005_name": "领袖之盾",
  "item_212006_name": "领主之证",
  "item_212007_name": "和平制造者",
  "item_212008_name": "不破之盾",
  "item_212009_name": "钛师傅的遗产",
  "item_212010_name": "地球防卫者",
  "item_212101_name": "三角齿轮改",
  "item_212102_name": "三角齿轮",
  "item_212103_name": "磁场旋转盾",
  "item_212104_name": "热风旋转盾",
  "item_212105_name": "钨钢装甲",
  "item_212106_name": "等离子护盾",
  "item_212107_name": "碳化晶体护盾",
  "item_212108_name": "RB-08防爆护盾",
  "item_212109_name": "神秘护盾",
  "item_212110_name": "碳素装甲",
  "item_212201_name": "钛合金装甲",
  "item_212202_name": "永磁体装甲",
  "item_212203_name": "加林特盾",
  "item_212204_name": "加林特盾MK2",
  "item_212205_name": "沉默卫士",
  "item_212206_name": "聚合盾牌",
  "item_212207_name": "机械盾牌",
  "item_212208_name": "防爆大盾",
  "item_212209_name": "导弹防御装置",
  "item_212210_name": "防御力场",
  "item_212301_name": "旋转盾牌改",
  "item_212302_name": "旋转盾牌",
  "item_212303_name": "全反射护盾",
  "item_212304_name": "辐射吸收盾",
  "item_212305_name": "冰冷的记忆",
  "item_212306_name": "黄金护盾",
  "item_212307_name": "PX009护甲",
  "item_212308_name": "微波护盾",
  "item_212309_name": "反应装甲",
  "item_212310_name": "极光壁垒",
  "item_212401_name": "耐高温护甲",
  "item_212402_name": "坚韧壁垒",
  "item_212403_name": "暗黑之盾",
  "item_212404_name": "石墨纤维盾",
  "item_212405_name": "银色护盾",
  "item_212406_name": "钢铁屏障",
  "item_212407_name": "蓝宝石防卫者",
  "item_212408_name": "电磁防护装置",
  "item_212409_name": "纳米纤维装甲",
  "item_212410_name": "正义屏障",
  "item_213001_name": "究级离子喷射器",
  "item_213002_name": "背部飞行器",
  "item_213003_name": "滑翔之翼",
  "item_213004_name": "喷气式飞空板",
  "item_213005_name": "涡轮推进器",
  "item_213006_name": "涡轮增压喷射器",
  "item_213007_name": "立体式喷射器",
  "item_213008_name": "高机动飞空板",
  "item_213009_name": "武装型飞空板",
  "item_213010_name": "离合式飞行器",
  "item_213101_name": "冲压发动机",
  "item_213102_name": "高速滑轮",
  "item_213103_name": "滑翔式飞空板",
  "item_213104_name": "虚空折越装置",
  "item_213105_name": "腰部喷射装置",
  "item_213106_name": "锥形粒子推进器",
  "item_213107_name": "飞鸟型推进器",
  "item_213108_name": "便携式飞行器",
  "item_213109_name": "双涡轮飞空踏板",
  "item_213110_name": "粒子喷射飞行器",
  "item_213201_name": "裁决之翼",
  "item_213202_name": "氮气喷射装置",
  "item_213203_name": "背部喷气装置",
  "item_213204_name": "搭载式飞行器",
  "item_213205_name": "双炉式飞行器",
  "item_213206_name": "自由之翼",
  "item_213207_name": "GX01喷射器",
  "item_213208_name": "GX01喷射器改",
  "item_213209_name": "虚空推进器",
  "item_213210_name": "空中之舞",
  "item_213301_name": "飓风之速",
  "item_213302_name": "光能推进器",
  "item_213303_name": "粒子喷射装置",
  "item_213304_name": "核能飞行器",
  "item_213305_name": "光速迁跃飞行器",
  "item_213306_name": "反物质推进器",
  "item_213307_name": "粒子喷射器",
  "item_213308_name": "激光飞行器",
  "item_213309_name": "急速飞行踏板",
  "item_213310_name": "炮装式飞行器",
  "item_213401_name": "极光踏板",
  "item_213402_name": "粒子喷射装置",
  "item_213403_name": "强力弹射装置",
  "item_213404_name": "音速迁越装置",
  "item_213405_name": "光速之轮",
  "item_213406_name": "反重力推进器",
  "item_213407_name": "超动力推进器",
  "item_213408_name": "绝影",
  "item_213409_name": "闪电",
  "item_213410_name": "迅雷",
  "item_211501_name": "龙之怒吼",
  "item_211502_name": "导演的激光刃",
  "item_211503_name": "破天之力",
  "item_211504_name": "黑死病的杀猪刀",
  "item_211505_name": "黄蜂刺",
  "item_211506_name": "天蝎聚",
  "item_211507_name": "鲲神炮",
  "item_211508_name": "幻影激光剑",
  "item_211509_name": "豌豆枪",
  "item_211510_name": "九幽 ",
  "item_211511_name": "究级暗影绝情炮",
  "item_211512_name": "环少的烧火棍",
  "item_211513_name": "雷神之锤",
  "item_211514_name": "天赐神器",
  "item_211515_name": "雷神之锤",
  "item_211516_name": "双节棍",
  "item_211517_name": "轩辕圣剑",
  "item_211518_name": "擎天",
  "item_211519_name": "阿道夫的利刃",
  "item_211520_name": "飓风",
  "item_213501_name": "龙之天翔",
  "item_213502_name": "导演的火箭靴",
  "item_213503_name": "破天之速",
  "item_213504_name": "黑死病的小跑鞋",
  "item_213505_name": "黄蜂翼",
  "item_213506_name": "天蝎光",
  "item_213507_name": "鲲鹏展翅",
  "item_213508_name": "竹蜻蜓",
  "item_213509_name": "豌豆鞋",
  "item_213510_name": "云霄羽",
  "item_213511_name": "究级暗影无情翼",
  "item_213512_name": "环少的跷跷板",
  "item_213513_name": "伊谢尔伦",
  "item_213514_name": "天赐动力",
  "item_213515_name": "冲压机",
  "item_213516_name": "布鞋",
  "item_213517_name": "筋斗云",
  "item_213518_name": "信念",
  "item_213519_name": "阿道夫的飞行器",
  "item_213520_name": "闪电",
  "item_212501_name": "龙之守护",
  "item_212502_name": "究级暗影温情盾",
  "item_221003_name": "火球弹",
  "item_221004_name": "干冰打击",
  "item_221005_name": "能量光束",
  "item_221006_name": "重拳打击",
  "item_221011_name": "电能冲击波",
  "item_221012_name": "盐酸爆弹",
  "item_221013_name": "火焰扫射",
  "item_221021_name": "暗杀",
  "item_221022_name": "精确狙击",
  "item_221023_name": "战斧式导弹",
  "item_221024_name": "脉冲光束",
  "item_221031_name": "组合拳",
  "item_221032_name": "致盲光线",
  "item_221033_name": "火箭弹",
  "item_221034_name": "能量脉冲",
  "item_221041_name": "远程打击",
  "item_221042_name": "电磁脉冲弹",
  "item_221043_name": "冷冻波",
  "item_221044_name": "高能粒子弹",
  "item_221051_name": "热力激光",
  "item_221052_name": "电弧直击",
  "item_221053_name": "反物质冲击",
  "item_221054_name": "碎地击",
  "item_221061_name": "火之舞",
  "item_221062_name": "雷霆一击",
  "item_221063_name": "急冻光束",
  "item_221064_name": "声波炸弹",
  "item_221071_name": "音速轰炸",
  "item_221072_name": "棱镜折射",
  "item_221073_name": "电磁风暴",
  "item_221074_name": "乙炔火焰",
  "item_221081_name": "巨人之怒",
  "item_221082_name": "正电子射线",
  "item_221083_name": "便携式核弹",
  "item_221084_name": "绝对零度",
  "item_221101_name": "战场救护",
  "item_221102_name": "应急处理",
  "item_221103_name": "全体休整",
  "item_221111_name": "电磁干扰",
  "item_221112_name": "步履蹒跚",
  "item_221113_name": "低温领域",
  "item_221121_name": "音波冲击",
  "item_221122_name": "暴露弱点",
  "item_221123_name": "酸雨污染",
  "item_221124_name": "腐蚀酸液",
  "item_221131_name": "扰频射线",
  "item_221132_name": "阻燃剂",
  "item_221133_name": "高能磁场",
  "item_221134_name": "挑拨离间",
  "item_222001_name": "经验丰富",
  "item_222002_name": "身经百战",
  "item_222003_name": "事半功倍",
  "item_222004_name": "老兵不死",
  "item_222011_name": "财源滚滚",
  "item_222012_name": "投机客",
  "item_222013_name": "金钱至上",
  "item_222014_name": "量化宽松",
  "item_222021_name": "强化训练",
  "item_222022_name": "忠诚考验",
  "item_222023_name": "训练有素",
  "item_222024_name": "高级教官",
  "item_222031_name": "快速研发",
  "item_222032_name": "集成电路",
  "item_222033_name": "云计算",
  "item_222034_name": "科技之光",
  "item_223001_name": "霸王龙吼",
  "item_223002_name": "陨星轰炸",
  "item_223003_name": "太阳能爆炸",
  "item_223004_name": "暗黑能量斩",
  "item_223005_name": "战斧突击",
  "item_223006_name": "火力全开",
  "item_223007_name": "堡垒都市",
  "item_223008_name": "重炮攻击",
  "item_223009_name": "加农炮轰炸",
  "item_223010_name": "活动炮台",
  "item_223011_name": "光子射线",
  "item_223012_name": "氖射线",
  "item_223013_name": "高能射线",
  "item_223014_name": "X射线冲击",
  "item_223015_name": "压力加农",
  "item_223016_name": "枪战术",
  "item_223017_name": "审判",
  "item_223018_name": "毁灭弹雨",
  "item_223019_name": "火焰加农",
  "item_223020_name": "死亡酸雨",
  "item_223021_name": "声波震荡",
  "item_224001_name": "空中打击",
  "item_224002_name": "岩浆吐息",
  "item_224003_name": "火流星",
  "item_224004_name": "山崩地裂",
  "item_224005_name": "地震波",
  "item_224007_name": "突然袭击",
  "item_224008_name": "时间冻结",
  "item_224010_name": "集中攻击",
  "item_224011_name": "散弹攻击",
  "item_224012_name": "高频音弹",
  "item_224013_name": "穿甲弹",
  "item_224014_name": "热追踪导弹",
  "item_224015_name": "次声波爆炸",
  "item_224016_name": "榴弹轰击",
  "item_224017_name": "高速杀手",
  "item_224018_name": "空中射手",
  "item_224020_name": "妙手仁芯",
  "item_224021_name": "能效最大化",
  "item_224022_name": "侦察尖兵",
  "item_224023_name": "终极防御",
  "item_224024_name": "可靠后盾",
  "item_224025_name": "炫光音波",
  "item_224026_name": "读心术",
  "item_224027_name": "幻影移形",
  "item_224028_name": "时空裂隙",
  "item_224029_name": "间谍",
  "item_224030_name": "思维控制",
  "item_224031_name": "竞技场领袖",
  "item_224032_name": "竞技场勇士",
  "item_229999_name": "无敌神功",
  "item_230101_name": "生命芯片D级",
  "item_230102_name": "生命芯片C级",
  "item_230103_name": "生命芯片B级",
  "item_230104_name": "生命芯片A级",
  "item_230105_name": "生命芯片S级",
  "item_230201_name": "攻击芯片D级",
  "item_230202_name": "攻击芯片C级",
  "item_230203_name": "攻击芯片B级",
  "item_230204_name": "攻击芯片A级",
  "item_230205_name": "攻击芯片S级",
  "item_230301_name": "防御芯片D级",
  "item_230302_name": "防御芯片C级",
  "item_230303_name": "防御芯片B级",
  "item_230304_name": "防御芯片A级",
  "item_230305_name": "防御芯片S级",
  "item_230401_name": "速度芯片D级",
  "item_230402_name": "速度芯片C级",
  "item_230403_name": "速度芯片B级",
  "item_230404_name": "速度芯片A级",
  "item_230405_name": "速度芯片S级",
  "item_230501_name": "暴击芯片D级",
  "item_230502_name": "暴击芯片C级",
  "item_230503_name": "暴击芯片B级",
  "item_230504_name": "暴击芯片A级",
  "item_230505_name": "暴击芯片S级",
  "item_230601_name": "防暴芯片D级",
  "item_230602_name": "防暴芯片C级",
  "item_230603_name": "防暴芯片B级",
  "item_230604_name": "防暴芯片A级",
  "item_230605_name": "防暴芯片S级",
  "item_230701_name": "格挡芯片D级",
  "item_230702_name": "格挡芯片C级",
  "item_230703_name": "格挡芯片B级",
  "item_230704_name": "格挡芯片A级",
  "item_230705_name": "格挡芯片S级",
  "item_230801_name": "破击芯片D级",
  "item_230802_name": "破击芯片C级",
  "item_230803_name": "破击芯片B级",
  "item_230804_name": "破击芯片A级",
  "item_230805_name": "破击芯片S级",
  "item_240001_name": "培养能量块",
  "item_240101_name": "科技能量块",
  "item_240201_name": "突破能量块",
  "item_240301_name": "中级经验传授",
  "item_240302_name": "初级经验传授",
  "item_240401_name": "行动恢复",
  "item_240501_name": "竞技恢复",
  "item_240502_name": "抢夺恢复",
  "item_240601_name": "扩音器",
  "item_240701_name": "更名印章",
  "item_240801_name": "D级进化石",
  "item_240802_name": "C级进化石",
  "item_240803_name": "B级进化石",
  "item_240804_name": "A级进化石",
  "item_240805_name": "S级进化石",
  "item_240806_name": "SS级进化石",
  "item_240901_name": "黑市币",
  "item_250001_name": "远古物资箱",
  "item_250002_name": "技能物资箱",
  "item_250003_name": "强化物资箱",
  "item_250004_name": "S级物资箱",
  "item_250005_name": "S级技能箱",
  "item_250006_name": "艾丽塔的祝福",
  "item_250007_name": "威震天君临",
  "item_250008_name": "便携式核弹技能箱",
  "item_250009_name": "擎天柱塞星匙箱",
  "item_250010_name": "突破能量块箱",
  "item_250011_name": "太空币箱",
  "item_250012_name": "威震天塞星匙箱",
  "item_250013_name": "猛大帅塞星匙箱",
  "item_250014_name": "全体休整技能箱",
  "item_250015_name": "艾丽塔塞星匙箱",
  "item_250101_name": "高级物资箱",
  "item_250102_name": "中级物资箱",
  "item_250103_name": "初级物资箱",
  "item_250104_name": "擎天柱专属宝箱",
  "item_250105_name": "热核中子炮箱",
  "item_250106_name": "领袖之盾箱",
  "item_250107_name": "时间冻结技能箱",
  "item_250201_name": "高级钥匙",
  "item_250202_name": "中级钥匙",
  "item_250203_name": "初级钥匙",
  "item_260001_name": "能量晶矿包",
  "item_260002_name": "磁暴导弹箱",
  "item_260003_name": "地球防卫者箱",
  "item_260004_name": "戰斧突擊箱",
  "item_251001_name": "S级技能碎片",
  "item_251002_name": "A级技能碎片",
  "item_251003_name": "B级技能碎片",
  "item_251004_name": "C级技能碎片",
  "item_251005_name": "D级技能碎片",
  "item_251006_name": "技能碎片",
  "item_251011_name": "S级塞星匙",
  "item_251012_name": "A级塞星匙",
  "item_251013_name": "B级塞星匙",
  "item_251014_name": "C级塞星匙",
  "item_251015_name": "D级塞星匙",
  "item_251016_name": "火种碎片",
  "item_251021_name": "S级武器",
  "item_251022_name": "A级武器",
  "item_251023_name": "B级武器",
  "item_251024_name": "C级武器",
  "item_251025_name": "D级武器",
  "item_251026_name": "所有武器",
  "item_251031_name": "S级防御模块",
  "item_251032_name": "A级防御模块",
  "item_251033_name": "B级防御模块",
  "item_251034_name": "C级防御模块",
  "item_251035_name": "D级防御模块",
  "item_251036_name": "所有防具",
  "item_251041_name": "S级速度模块",
  "item_251042_name": "A级速度模块",
  "item_251043_name": "B级速度模块",
  "item_251044_name": "C级速度模块",
  "item_251045_name": "D级速度模块",
  "item_251046_name": "所有动力模块",
  "item_251051_name": "S级芯片",
  "item_251052_name": "A级芯片",
  "item_251053_name": "B级芯片",
  "item_251054_name": "C级芯片",
  "item_251055_name": "D级芯片",
  "item_251056_name": "所有芯片",
  "item_251061_name": "S级技能",
  "item_251062_name": "A级技能",
  "item_251063_name": "B级技能",
  "item_251064_name": "C级技能",
  "item_251065_name": "D级技能",
  "item_251066_name": "所有技能",
  "item_270101_name": "VIP1特权礼包",
  "item_270102_name": "VIP2特权礼包",
  "item_270103_name": "VIP3特权礼包",
  "item_270104_name": "VIP4特权礼包",
  "item_270105_name": "VIP5特权礼包",
  "item_270106_name": "VIP6特权礼包",
  "item_270107_name": "VIP7特权礼包",
  "item_270108_name": "VIP8特权礼包",
  "item_270109_name": "VIP9特权礼包",
  "item_270110_name": "VIP10特权礼包",
  "item_270111_name": "VIP11特权礼包",
  "item_270112_name": "VIP12特权礼包",
  "item_270113_name": "VIP13特权礼包",
  "item_270114_name": "VIP14特权礼包",
  "item_270115_name": "VIP15特权礼包",
  "item_271001_name": "技能碎片盒",
  "item_280001_name": "太空币",
  "item_290001_name": "太空券",
  "item_2011001_name": "擎天柱",
  "item_2011002_name": "艾丽塔",
  "item_2011005_name": "铁皮",
  "item_2011006_name": "克劳莉娅",
  "item_2011007_name": "救护车",
  "item_2011008_name": "感知器",
  "item_2011009_name": "千斤顶",
  "item_2011010_name": "钢锁",
  "item_2011011_name": "嚎叫",
  "item_2011012_name": "铁渣",
  "item_2011013_name": "淤泥",
  "item_2011014_name": "飞标",
  "item_2011015_name": "通天晓",
  "item_2011016_name": "爵士",
  "item_2011017_name": "警车",
  "item_2011018_name": "烟幕",
  "item_2011019_name": "银霹雳",
  "item_2011020_name": "变速箱",
  "item_2011021_name": "鲁莽",
  "item_2011022_name": "大汉",
  "item_2011023_name": "开路先锋",
  "item_2011024_name": "天火",
  "item_2011025_name": "飞毛腿",
  "item_2011026_name": "横炮",
  "item_2011027_name": "轮胎",
  "item_2011028_name": "红色警报",
  "item_2011029_name": "消防车",
  "item_2011030_name": "滑翔机",
  "item_2011031_name": "浪花",
  "item_2011032_name": "探长",
  "item_2011033_name": "幻影",
  "item_2011034_name": "飞过山",
  "item_2011035_name": "大黄蜂",
  "item_2011036_name": "营救车",
  "item_2011037_name": "充电器",
  "item_2011038_name": "吊车",
  "item_2011039_name": "滑车",
  "item_2011040_name": "火翼星",
  "item_2011041_name": "宇宙飞碟",
  "item_2011042_name": "巨浪",
  "item_2011043_name": "犀牛",
  "item_2011044_name": "发条",
  "item_2011045_name": "喷射",
  "item_2011046_name": "钢钳",
  "item_2011047_name": "录音机",
  "item_2011048_name": "猛大帅",
  "item_2011049_name": "天猫号",
  "item_2011050_name": "大力金刚",
  "item_2011051_name": "罗嗦",
  "item_2011052_name": "杯子",
  "item_2011053_name": "补天士",
  "item_2011054_name": "转轮",
  "item_2011055_name": "阿尔茜",
  "item_2011056_name": "战戟",
  "item_2011057_name": "路火",
  "item_2011058_name": "旋刃",
  "item_2011059_name": "空袭",
  "item_2011060_name": "弹弓",
  "item_2011061_name": "银剑",
  "item_2011062_name": "飞火",
  "item_2011063_name": "俯冲",
  "item_2011065_name": "史迪",
  "item_2011066_name": "乔伊",
  "item_2011067_name": "格雷",
  "item_2011068_name": "夜巡",
  "item_2011069_name": "老顽固费特",
  "item_2011070_name": "电子斗士海隆",
  "item_2011071_name": "小诸葛黎恩",
  "item_2011072_name": "大街",
  "item_2011073_name": "刀刃",
  "item_2011074_name": "热点",
  "item_2012001_name": "威震天",
  "item_2012002_name": "红蜘蛛",
  "item_2012003_name": "闹翻天",
  "item_2012004_name": "惊天雷",
  "item_2012005_name": "硫酸雨",
  "item_2012006_name": "太阳风",
  "item_2012007_name": "滑流",
  "item_2012008_name": "挽歌",
  "item_2012009_name": "冲锋",
  "item_2012010_name": "喷气机",
  "item_2012011_name": "机器蝙蝠",
  "item_2012012_name": "角龙",
  "item_2012013_name": "剑龙",
  "item_2012014_name": "轰隆隆",
  "item_2012015_name": "迷乱",
  "item_2012016_name": "锯齿鸟",
  "item_2012017_name": "机器狗",
  "item_2012018_name": "激光鸟",
  "item_2012019_name": "蛮横",
  "item_2012020_name": "声波",
  "item_2012021_name": "震荡波",
  "item_2012022_name": "洪灾",
  "item_2012023_name": "阿卡维拉博士",
  "item_2012024_name": "黑暗擎天柱",
  "item_2012025_name": "钢牙",
  "item_2012026_name": "火焰战士",
  "item_2012027_name": "铁甲龙",
  "item_2012029_name": "浪客",
  "item_2012030_name": "游民",
  "item_2012031_name": "黑云",
  "item_2012032_name": "天煞",
  "item_2012033_name": "炮弹",
  "item_2012034_name": "反冲",
  "item_2012035_name": "锹形虫",
  "item_2012036_name": "毒液",
  "item_2012037_name": "洗劫",
  "item_2012038_name": "屠夫",
  "item_2012039_name": "弹幕",
  "item_2012040_name": "推土机",
  "item_2012041_name": "搅拌者",
  "item_2012042_name": "清扫机",
  "item_2012043_name": "拖斗",
  "item_2012044_name": "吊钩",
  "item_2012045_name": "铲土机",
  "item_2012047_name": "铁头",
  "item_2012048_name": "猛虎",
  "item_2012049_name": "大鹏",
  "item_2012050_name": "利爪",
  "item_2012051_name": "野牛",
  "item_2012053_name": "抢劫",
  "item_2012054_name": "封锁",
  "item_2012055_name": "打击",
  "item_2012056_name": "莽撞",
  "item_2012057_name": "汽车大师",
  "item_2012059_name": "袭击",
  "item_2012060_name": "爆炸",
  "item_2012061_name": "吵闹",
  "item_2012062_name": "旋风",
  "item_2012063_name": "诈骗",
  "item_2012065_name": "瘟疫",
  "item_2012066_name": "狂飙",
  "item_2012067_name": "惊破天",
  "item_2012068_name": "人狼",
  "item_2012069_name": "天狼",
  "item_2012070_name": "咆哮",
  "item_2012071_name": "鬼难缠",
  "item_2012072_name": "俯射",
  "item_2012073_name": "霹雳弹",
  "item_2012074_name": "照相机",
  "item_2012075_name": "路障",
  "item_2012076_name": "吊索",
  "item_2021003_name": "火球弹碎片",
  "item_2021004_name": "干冰打击碎片",
  "item_2021005_name": "能量光束碎片",
  "item_2021006_name": "重拳打击碎片",
  "item_2021011_name": "电能冲击波碎片",
  "item_2021012_name": "盐酸爆弹碎片",
  "item_2021013_name": "火焰扫射碎片",
  "item_2021021_name": "暗杀碎片",
  "item_2021022_name": "精确狙击碎片",
  "item_2021023_name": "战斧式导弹碎片",
  "item_2021024_name": "脉冲光束碎片",
  "item_2021031_name": "组合拳碎片",
  "item_2021032_name": "致盲光线碎片",
  "item_2021033_name": "火箭弹碎片",
  "item_2021034_name": "能量脉冲碎片",
  "item_2021041_name": "远程打击碎片",
  "item_2021042_name": "电磁脉冲弹碎片",
  "item_2021043_name": "冷冻波碎片",
  "item_2021044_name": "高能粒子弹碎片",
  "item_2021051_name": "热力激光碎片",
  "item_2021052_name": "电弧直击碎片",
  "item_2021053_name": "反物质冲击碎片",
  "item_2021054_name": "碎地击碎片",
  "item_2021061_name": "火之舞碎片",
  "item_2021062_name": "雷霆一击碎片",
  "item_2021063_name": "急冻光束碎片",
  "item_2021064_name": "声波炸弹碎片",
  "item_2021071_name": "音速轰炸碎片",
  "item_2021072_name": "棱镜折射碎片",
  "item_2021073_name": "电磁风暴碎片",
  "item_2021074_name": "乙炔火焰碎片",
  "item_2021081_name": "巨人之怒碎片",
  "item_2021082_name": "正电子射线碎片",
  "item_2021083_name": "便携式核弹碎片",
  "item_2021084_name": "绝对零度碎片",
  "item_2021101_name": "战场救护碎片",
  "item_2021102_name": "应急处理碎片",
  "item_2021103_name": "全体休整碎片",
  "item_2021111_name": "电磁干扰碎片",
  "item_2021112_name": "步履蹒跚碎片",
  "item_2021113_name": "低温领域碎片",
  "item_2021121_name": "音波冲击碎片",
  "item_2021122_name": "暴露弱点碎片",
  "item_2021123_name": "酸雨污染碎片",
  "item_2021124_name": "腐蚀酸液碎片",
  "item_2021131_name": "扰频射线碎片",
  "item_2021132_name": "阻燃剂碎片",
  "item_2021133_name": "高能磁场碎片",
  "item_2021134_name": "挑拨离间碎片",
  "item_2022001_name": "经验丰富碎片",
  "item_2022002_name": "身经百战碎片",
  "item_2022003_name": "事半功倍碎片",
  "item_2022004_name": "老兵不死碎片",
  "item_2022011_name": "财源滚滚碎片",
  "item_2022012_name": "投机客碎片",
  "item_2022013_name": "金钱至上碎片",
  "item_2022014_name": "量化宽松碎片",
  "item_2022021_name": "强化训练碎片",
  "item_2022022_name": "忠诚考验碎片",
  "item_2022023_name": "训练有素碎片",
  "item_2022024_name": "高级教官碎片",
  "item_2022031_name": "快速研发碎片",
  "item_2022032_name": "集成电路碎片",
  "item_2022033_name": "云计算碎片",
  "item_2022034_name": "科技之光碎片",
  "item_2024001_name": "空中打击碎片",
  "item_2024002_name": "岩浆吐息碎片",
  "item_2024003_name": "火流星碎片",
  "item_2024004_name": "山崩地裂碎片",
  "item_2024005_name": "地震波碎片",
  "item_2024007_name": "突然袭击碎片",
  "item_2024008_name": "时间冻结碎片",
  "item_2024010_name": "集中攻击碎片",
  "item_2024011_name": "散弹攻击碎片",
  "item_2024012_name": "高频音弹碎片",
  "item_2024013_name": "穿甲弹碎片",
  "item_2024014_name": "热追踪导弹碎片",
  "item_2024015_name": "次声波爆炸碎片",
  "item_2024016_name": "榴弹轰击碎片",
  "item_2024017_name": "高速杀手碎片",
  "item_2024018_name": "空中射手碎片",
  "item_2024020_name": "妙手仁芯碎片",
  "item_2024021_name": "能效最大化碎片",
  "item_2024022_name": "侦察尖兵碎片",
  "item_2024023_name": "终极防御碎片",
  "item_2024024_name": "可靠后盾碎片",
  "item_2024025_name": "炫光音波碎片",
  "item_2024026_name": "读心术碎片",
  "item_2024027_name": "幻影移形碎片",
  "item_2024028_name": "时空裂隙碎片",
  "item_2024029_name": "间谍碎片",
  "item_2024030_name": "思维控制碎片",
  "item_211001_description": "攻击力增加#{0}",
  "item_211002_description": "攻击力增加#{0}",
  "item_211003_description": "攻击力增加#{0}",
  "item_211004_description": "攻击力增加#{0}",
  "item_211005_description": "攻击力增加#{0}",
  "item_211006_description": "攻击力增加#{0}",
  "item_211007_description": "攻击力增加#{0}",
  "item_211008_description": "攻击力增加#{0}",
  "item_211009_description": "攻击力增加#{0}",
  "item_211010_description": "攻击力增加#{0}",
  "item_211101_description": "攻击力增加#{0}",
  "item_211102_description": "攻击力增加#{0}",
  "item_211103_description": "攻击力增加#{0}",
  "item_211104_description": "攻击力增加#{0}",
  "item_211105_description": "攻击力增加#{0}",
  "item_211106_description": "攻击力增加#{0}",
  "item_211107_description": "攻击力增加#{0}",
  "item_211108_description": "攻击力增加#{0}",
  "item_211109_description": "攻击力增加#{0}",
  "item_211110_description": "攻击力增加#{0}",
  "item_211201_description": "攻击力增加#{0}",
  "item_211202_description": "攻击力增加#{0}",
  "item_211203_description": "攻击力增加#{0}",
  "item_211204_description": "攻击力增加#{0}",
  "item_211205_description": "攻击力增加#{0}",
  "item_211206_description": "攻击力增加#{0}",
  "item_211207_description": "攻击力增加#{0}",
  "item_211208_description": "攻击力增加#{0}",
  "item_211209_description": "攻击力增加#{0}",
  "item_211210_description": "攻击力增加#{0}",
  "item_211301_description": "攻击力增加#{0}",
  "item_211302_description": "攻击力增加#{0}",
  "item_211303_description": "攻击力增加#{0}",
  "item_211304_description": "攻击力增加#{0}",
  "item_211305_description": "攻击力增加#{0}",
  "item_211306_description": "攻击力增加#{0}",
  "item_211307_description": "攻击力增加#{0}",
  "item_211308_description": "攻击力增加#{0}",
  "item_211309_description": "攻击力增加#{0}",
  "item_211310_description": "攻击力增加#{0}",
  "item_211401_description": "攻击力增加#{0}",
  "item_211402_description": "攻击力增加#{0}",
  "item_211403_description": "攻击力增加#{0}",
  "item_211404_description": "攻击力增加#{0}",
  "item_211405_description": "攻击力增加#{0}",
  "item_211406_description": "攻击力增加#{0}",
  "item_211407_description": "攻击力增加#{0}",
  "item_211408_description": "攻击力增加#{0}",
  "item_211409_description": "攻击力增加#{0}",
  "item_211410_description": "攻击力增加#{0}",
  "item_212001_description": "防御力增加#{0}",
  "item_212002_description": "防御力增加#{0}",
  "item_212003_description": "防御力增加#{0}",
  "item_212004_description": "防御力增加#{0}",
  "item_212005_description": "防御力增加#{0}",
  "item_212006_description": "防御力增加#{0}",
  "item_212007_description": "防御力增加#{0}",
  "item_212008_description": "防御力增加#{0}",
  "item_212009_description": "防御力增加#{0}",
  "item_212010_description": "防御力增加#{0}",
  "item_212101_description": "防御力增加#{0}",
  "item_212102_description": "防御力增加#{0}",
  "item_212103_description": "防御力增加#{0}",
  "item_212104_description": "防御力增加#{0}",
  "item_212105_description": "防御力增加#{0}",
  "item_212106_description": "防御力增加#{0}",
  "item_212107_description": "防御力增加#{0}",
  "item_212108_description": "防御力增加#{0}",
  "item_212109_description": "防御力增加#{0}",
  "item_212110_description": "防御力增加#{0}",
  "item_212201_description": "防御力增加#{0}",
  "item_212202_description": "防御力增加#{0}",
  "item_212203_description": "防御力增加#{0}",
  "item_212204_description": "防御力增加#{0}",
  "item_212205_description": "防御力增加#{0}",
  "item_212206_description": "防御力增加#{0}",
  "item_212207_description": "防御力增加#{0}",
  "item_212208_description": "防御力增加#{0}",
  "item_212209_description": "防御力增加#{0}",
  "item_212210_description": "防御力增加#{0}",
  "item_212301_description": "防御力增加#{0}",
  "item_212302_description": "防御力增加#{0}",
  "item_212303_description": "防御力增加#{0}",
  "item_212304_description": "防御力增加#{0}",
  "item_212305_description": "防御力增加#{0}",
  "item_212306_description": "防御力增加#{0}",
  "item_212307_description": "防御力增加#{0}",
  "item_212308_description": "防御力增加#{0}",
  "item_212309_description": "防御力增加#{0}",
  "item_212310_description": "防御力增加#{0}",
  "item_212401_description": "防御力增加#{0}",
  "item_212402_description": "防御力增加#{0}",
  "item_212403_description": "防御力增加#{0}",
  "item_212404_description": "防御力增加#{0}",
  "item_212405_description": "防御力增加#{0}",
  "item_212406_description": "防御力增加#{0}",
  "item_212407_description": "防御力增加#{0}",
  "item_212408_description": "防御力增加#{0}",
  "item_212409_description": "防御力增加#{0}",
  "item_212410_description": "防御力增加#{0}",
  "item_213001_description": "速度增加#{0}",
  "item_213002_description": "速度增加#{0}",
  "item_213003_description": "速度增加#{0}",
  "item_213004_description": "速度增加#{0}",
  "item_213005_description": "速度增加#{0}",
  "item_213006_description": "速度增加#{0}",
  "item_213007_description": "速度增加#{0}",
  "item_213008_description": "速度增加#{0}",
  "item_213009_description": "速度增加#{0}",
  "item_213010_description": "速度增加#{0}",
  "item_213101_description": "速度增加#{0}",
  "item_213102_description": "速度增加#{0}",
  "item_213103_description": "速度增加#{0}",
  "item_213104_description": "速度增加#{0}",
  "item_213105_description": "速度增加#{0}",
  "item_213106_description": "速度增加#{0}",
  "item_213107_description": "速度增加#{0}",
  "item_213108_description": "速度增加#{0}",
  "item_213109_description": "速度增加#{0}",
  "item_213110_description": "速度增加#{0}",
  "item_213201_description": "速度增加#{0}",
  "item_213202_description": "速度增加#{0}",
  "item_213203_description": "速度增加#{0}",
  "item_213204_description": "速度增加#{0}",
  "item_213205_description": "速度增加#{0}",
  "item_213206_description": "速度增加#{0}",
  "item_213207_description": "速度增加#{0}",
  "item_213208_description": "速度增加#{0}",
  "item_213209_description": "速度增加#{0}",
  "item_213210_description": "速度增加#{0}",
  "item_213301_description": "速度增加#{0}",
  "item_213302_description": "速度增加#{0}",
  "item_213303_description": "速度增加#{0}",
  "item_213304_description": "速度增加#{0}",
  "item_213305_description": "速度增加#{0}",
  "item_213306_description": "速度增加#{0}",
  "item_213307_description": "速度增加#{0}",
  "item_213308_description": "速度增加#{0}",
  "item_213309_description": "速度增加#{0}",
  "item_213310_description": "速度增加#{0}",
  "item_213401_description": "速度增加#{0}",
  "item_213402_description": "速度增加#{0}",
  "item_213403_description": "速度增加#{0}",
  "item_213404_description": "速度增加#{0}",
  "item_213405_description": "速度增加#{0}",
  "item_213406_description": "速度增加#{0}",
  "item_213407_description": "速度增加#{0}",
  "item_213408_description": "速度增加#{0}",
  "item_213409_description": "速度增加#{0}",
  "item_213410_description": "速度增加#{0}",
  "item_211501_description": "攻击力增加#{0}",
  "item_211502_description": "攻击力增加#{0}",
  "item_211503_description": "攻击力增加#{0}",
  "item_211504_description": "攻击力增加#{0}",
  "item_211505_description": "攻击力增加#{0}",
  "item_211506_description": "攻击力增加#{0}",
  "item_211507_description": "攻击力增加#{0}",
  "item_211508_description": "攻击力增加#{0}",
  "item_211509_description": "攻击力增加#{0}",
  "item_211510_description": "攻击力增加#{0}",
  "item_211511_description": "攻击力增加#{0}",
  "item_211512_description": "攻击力增加#{0}",
  "item_211513_description": "攻击力增加#{0}",
  "item_211514_description": "攻击力增加#{0}",
  "item_211515_description": "攻击力增加#{0}",
  "item_211516_description": "攻击力增加#{0}",
  "item_211517_description": "攻击力增加#{0}",
  "item_211518_description": "攻击力增加#{0}",
  "item_211519_description": "攻击力增加#{0}",
  "item_211520_description": "攻击力增加#{0}",
  "item_213501_description": "攻击力增加#{0}",
  "item_213502_description": "攻击力增加#{0}",
  "item_213503_description": "攻击力增加#{0}",
  "item_213504_description": "攻击力增加#{0}",
  "item_213505_description": "攻击力增加#{0}",
  "item_213506_description": "攻击力增加#{0}",
  "item_213507_description": "攻击力增加#{0}",
  "item_213508_description": "攻击力增加#{0}",
  "item_213509_description": "攻击力增加#{0}",
  "item_213510_description": "攻击力增加#{0}",
  "item_213511_description": "攻击力增加#{0}",
  "item_213512_description": "攻击力增加#{0}",
  "item_213513_description": "攻击力增加#{0}",
  "item_213514_description": "攻击力增加#{0}",
  "item_213515_description": "攻击力增加#{0}",
  "item_213516_description": "攻击力增加#{0}",
  "item_213517_description": "攻击力增加#{0}",
  "item_213518_description": "攻击力增加#{0}",
  "item_213519_description": "攻击力增加#{0}",
  "item_213520_description": "攻击力增加#{0}",
  "item_212501_description": "攻击力增加#{0}",
  "item_212502_description": "攻击力增加#{0}",
  "item_221003_description": "对敌方单体造成普通攻击的[color=FFFFF400]#{0}倍伤害[/color]",
  "item_221004_description": "对敌方单体造成普通攻击的[color=FFFFF400]#{0}倍伤害[/color]",
  "item_221005_description": "对敌方单体造成普通攻击的[color=FFFFF400]#{0}倍伤害[/color]",
  "item_221006_description": "对敌方单体造成普通攻击的[color=FFFFF400]#{0}倍伤害[/color]",
  "item_221011_description": "对敌方小队造成普通攻击的[color=FFFFF400]#{0}倍伤害[/color]",
  "item_221012_description": "对敌方小队造成普通攻击的[color=FFFFF400]#{0}倍伤害[/color]",
  "item_221013_description": "对敌方小队造成普通攻击的[color=FFFFF400]#{0}倍伤害[/color]",
  "item_221021_description": "对敌方后排角色造成普通攻击的[color=FFFFF400]#{0}倍伤害[/color]",
  "item_221022_description": "对敌方后排角色造成普通攻击的[color=FFFFF400]#{0}倍伤害[/color]",
  "item_221023_description": "对敌方后排角色造成普通攻击的[color=FFFFF400]#{0}倍伤害[/color]",
  "item_221024_description": "对敌方后排角色造成普通攻击的[color=FFFFF400]#{0}倍伤害[/color]",
  "item_221031_description": "对敌方前排的随机角色造成普通攻击的[color=FFFFF400]#{0}倍伤害[/color]",
  "item_221032_description": "对敌方前排的随机角色造成普通攻击的[color=FFFFF400]#{0}倍伤害[/color]",
  "item_221033_description": "对敌方前排的随机角色造成普通攻击的[color=FFFFF400]#{0}倍伤害[/color]",
  "item_221034_description": "对敌方前排的随机角色造成普通攻击的[color=FFFFF400]#{0}倍伤害[/color]",
  "item_221041_description": "对敌方后排的随机角色造成普通攻击的[color=FFFFF400]#{0}倍伤害[/color]",
  "item_221042_description": "对敌方后排的随机角色造成普通攻击的[color=FFFFF400]#{0}倍伤害[/color]",
  "item_221043_description": "对敌方后排的随机角色造成普通攻击的[color=FFFFF400]#{0}倍伤害[/color]",
  "item_221044_description": "对敌方后排的随机角色造成普通攻击的[color=FFFFF400]#{0}倍伤害[/color]",
  "item_221051_description": "对敌方的随机小队造成普通攻击的[color=FFFFF400]#{0}倍伤害[/color]",
  "item_221052_description": "对敌方的随机小队造成普通攻击的[color=FFFFF400]#{0}倍伤害[/color]",
  "item_221053_description": "对敌方的随机小队造成普通攻击的[color=FFFFF400]#{0}倍伤害[/color]",
  "item_221054_description": "对敌方的随机小队造成普通攻击的[color=FFFFF400]#{0}倍伤害[/color]",
  "item_221061_description": "对敌方前排角色造成普通攻击的[color=FFFFF400]#{0}倍伤害[/color]",
  "item_221062_description": "对敌方前排角色造成普通攻击的[color=FFFFF400]#{0}倍伤害[/color]",
  "item_221063_description": "对敌方前排角色造成普通攻击的[color=FFFFF400]#{0}倍伤害[/color]",
  "item_221064_description": "对敌方前排所有角色造成普通攻击的[color=FFFFF400]#{0}倍伤害[/color]",
  "item_221071_description": "对敌方后排所有角色造成普通攻击的[color=FFFFF400]#{0}倍伤害[/color]",
  "item_221072_description": "对敌方后排所有角色造成普通攻击的[color=FFFFF400]#{0}倍伤害[/color]",
  "item_221073_description": "对敌方后排所有角色造成普通攻击的[color=FFFFF400]#{0}倍伤害[/color]",
  "item_221074_description": "对敌方后排所有角色造成普通攻击的[color=FFFFF400]#{0}倍伤害[/color]",
  "item_221081_description": "对敌方小队造成普通攻击的[color=FFFFF400]#{0}倍伤害[/color]",
  "item_221082_description": "对敌方所有小队造成普通攻击的[color=FFFFF400]#{0}倍伤害[/color]",
  "item_221083_description": "对敌方所有小队造成普通攻击的[color=FFFFF400]#{0}倍伤害[/color]",
  "item_221084_description": "对敌方所有小队造成普通攻击的[color=FFFFF400]#{0}倍伤害[/color]",
  "item_221101_description": "为友方前排角色[color=FFFFF400]回复#{0}的生命值[/color]",
  "item_221102_description": "为友方单体[color=FFFFF400]回复#{0}的生命值[/color]",
  "item_221103_description": "为友方所有小队[color=FFFFF400]回复#{0}的生命值[/color]",
  "item_221111_description": "敌方小队[color=FFFFF400]速度减慢#{0}[/color]",
  "item_221112_description": "敌方随机角色[color=FFFFF400]速度减慢#{0}[/color]",
  "item_221113_description": "敌方所有小队[color=FFFFF400]速度减慢#{0}[/color]",
  "item_221121_description": "敌方小队[color=FFFFF400]防御降低#{0}[/color]",
  "item_221122_description": "敌方随机角色[color=FFFFF400]防御降低#{0}[/color]",
  "item_221123_description": "敌方所有小队[color=FFFFF400]防御降低#{0}[/color]",
  "item_221124_description": "敌方前排所有角色[color=FFFFF400]防御降低#{0}[/color]",
  "item_221131_description": "敌方小队[color=FFFFF400]攻击降低#{0}[/color]",
  "item_221132_description": "敌方随机角色[color=FFFFF400]攻击降低#{0}[/color]",
  "item_221133_description": "敌方所有小队[color=FFFFF400]攻击降低#{0}[/color]",
  "item_221134_description": "敌方后排所有角色[color=FFFFF400]攻击降低#{0}[/color]",
  "item_222001_description": "指挥官获得经验值[color=FFFFF400]增加#{0}[/color]",
  "item_222002_description": "指挥官获得经验值[color=FFFFF400]增加#{0}[/color]",
  "item_222003_description": "指挥官获得经验值[color=FFFFF400]增加#{0}[/color]",
  "item_222004_description": "指挥官获得经验值[color=FFFFF400]增加#{0}[/color]",
  "item_222011_description": "生产获得的能量块[color=FFFFF400]增加#{0}[/color]",
  "item_222012_description": "生产获得的能量块[color=FFFFF400]增加#{0}[/color]",
  "item_222013_description": "生产获得的能量块[color=FFFFF400]增加#{0}[/color]",
  "item_222014_description": "生产获得的能量块[color=FFFFF400]增加#{0}[/color]",
  "item_222021_description": "角色训练获得的经验值[color=FFFFF400]增加#{0}[/color]",
  "item_222022_description": "角色训练获得的经验值[color=FFFFF400]增加#{0}[/color]",
  "item_222023_description": "角色训练获得的经验值[color=FFFFF400]增加#{0}[/color]",
  "item_222024_description": "角色训练获得的经验值[color=FFFFF400]增加#{0}[/color]",
  "item_222031_description": "科技冷却时间槽[color=FFFFF400]增加#{0}[/color]",
  "item_222032_description": "科技冷却时间槽[color=FFFFF400]增加#{0}[/color]",
  "item_222033_description": "科技冷却时间槽[color=FFFFF400]增加#{0}[/color]",
  "item_222034_description": "科技冷却时间槽[color=FFFFF400]增加#{0}[/color]",
  "item_223001_description": "对敌方所有小队造成普通攻击的[color=FFFFF400]#{0}倍伤害[/color]",
  "item_223002_description": "对敌方小队造成普通攻击的[color=FFFFF400]#{0}倍伤害[/color]",
  "item_223003_description": "对敌方所有小队造成普通攻击的[color=FFFFF400]#{0}倍伤害[/color]",
  "item_223004_description": "对敌方前排角色造成普通攻击的[color=FFFFF400]#{0}倍伤害[/color]",
  "item_223005_description": "对敌方小队造成普通攻击的[color=FFFFF400]#{0}倍伤害[/color]",
  "item_223006_description": "对敌方小队造成普通攻击的[color=FFFFF400]#{0}倍伤害[/color]",
  "item_223007_description": "对敌方小队造成普通攻击的[color=FFFFF400]#{0}倍伤害[/color]",
  "item_223008_description": "对敌方单体造成普通攻击的[color=FFFFF400]#{0}倍伤害[/color]",
  "item_223009_description": "对敌方后排角色造成普通攻击的[color=FFFFF400]#{0}倍伤害[/color]",
  "item_223010_description": "对敌方所有小队造成普通攻击的[color=FFFFF400]#{0}倍伤害[/color]",
  "item_223011_description": "对敌方后排角色造成普通攻击的[color=FFFFF400]#{0}倍伤害[/color]",
  "item_223012_description": "对敌方后排所有角色造成普通攻击的[color=FFFFF400]#{0}倍伤害[/color]",
  "item_223013_description": "对敌方小队造成普通攻击的[color=FFFFF400]#{0}倍伤害[/color]",
  "item_223014_description": "对敌方所有小队造成普通攻击的[color=FFFFF400]#{0}倍伤害[/color]",
  "item_223015_description": "对敌方所有小队造成普通攻击的[color=FFFFF400]#{0}倍伤害[/color]",
  "item_223016_description": "对敌方所有小队造成普通攻击的[color=FFFFF400]#{0}倍伤害[/color]",
  "item_223017_description": "对敌方所有小队造成普通攻击的[color=FFFFF400]#{0}倍伤害[/color]",
  "item_223018_description": "对敌方所有小队造成普通攻击的[color=FFFFF400]#{0}倍伤害[/color]",
  "item_223019_description": "对敌方所有小队造成普通攻击的[color=FFFFF400]#{0}倍伤害[/color]",
  "item_223020_description": "对敌方所有小队造成普通攻击的[color=FFFFF400]#{0}倍伤害[/color]",
  "item_223021_description": "对敌方所有小队造成普通攻击的[color=FFFFF400]#{0}倍伤害[/color]",
  "item_224001_description": "对敌方单体造成普通攻击的[color=FFFFF400]#{0}倍伤害[/color]",
  "item_224002_description": "对敌方单体造成普通攻击的[color=FFFFF400]#{0}倍伤害[/color]",
  "item_224003_description": "对敌方前排的随机角色造成普通攻击的[color=FFFFF400]#{0}倍伤害[/color]",
  "item_224004_description": "对敌方小队造成普通攻击的[color=FFFFF400]#{0}倍伤害[/color]",
  "item_224005_description": "对敌方的随机小队造成普通攻击的[color=FFFFF400]#{0}倍伤害[/color]",
  "item_224007_description": "对敌方后排角色造成普通攻击的[color=FFFFF400]#{0}倍伤害[/color]",
  "item_224008_description": "敌方后排所有角色[color=FFFFF400]速度减慢#{0}[/color]",
  "item_224010_description": "对敌方前排角色造成普通攻击的[color=FFFFF400]#{0}倍伤害[/color]",
  "item_224011_description": "对敌方前排所有角色造成普通攻击的[color=FFFFF400]#{0}倍伤害[/color]",
  "item_224012_description": "对敌方的随机小队造成普通攻击的[color=FFFFF400]#{0}倍伤害[/color]",
  "item_224013_description": "对敌方单体造成普通攻击的[color=FFFFF400]#{0}倍伤害[/color]",
  "item_224014_description": "对敌方单体造成普通攻击的[color=FFFFF400]#{0}倍伤害[/color]",
  "item_224015_description": "对敌方后排所有角色造成普通攻击的[color=FFFFF400]#{0}倍伤害[/color]",
  "item_224016_description": "对敌方前排角色造成普通攻击的[color=FFFFF400]#{0}倍伤害[/color]",
  "item_224017_description": "对敌方后排角色造成普通攻击的[color=FFFFF400]#{0}倍伤害[/color]",
  "item_224018_description": "对敌方单体造成普通攻击的[color=FFFFF400]#{0}倍伤害[/color]",
  "item_224020_description": "为友方前排角色[color=FFFFF400]回复#{0}的生命值[/color]",
  "item_224021_description": "为友方小队[color=FFFFF400]回复#{0}的生命值[/color]",
  "item_224022_description": "当前角色速度加快#{0}",
  "item_224023_description": "当前角色防御增加#{0}",
  "item_224024_description": "当前角色防御增加#{0}",
  "item_224025_description": "敌方小队[color=FFFFF400]攻击降低#{0}[/color]",
  "item_224026_description": "敌方前排所有角色[color=FFFFF400]防御降低#{0}[/color]",
  "item_224027_description": "敌方小队[color=FFFFF400]攻击降低#{0}[/color]",
  "item_224028_description": "敌方小队[color=FFFFF400]攻击降低#{0}[/color]",
  "item_224029_description": "敌方小队[color=FFFFF400]防御降低#{0}[/color]",
  "item_224030_description": "敌方所有小队[color=FFFFF400]速度减慢#{0}[/color]",
  "item_224031_description": "对敌方所有小队造成普通攻击的[color=FFFFF400]#{0}倍伤害[/color]",
  "item_224032_description": "对敌方所有小队造成普通攻击的[color=FFFFF400]#{0}倍伤害[/color]",
  "item_229999_description": "对敌方所有小队造成普通攻击的[color=FFFFF400]#{0}倍伤害[/color]",
  "item_230101_description": "生命+120",
  "item_230102_description": "生命+240",
  "item_230103_description": "生命+360",
  "item_230104_description": "生命+480",
  "item_230105_description": "生命+600",
  "item_230201_description": "攻击+120",
  "item_230202_description": "攻击+240",
  "item_230203_description": "攻击+360",
  "item_230204_description": "攻击+480",
  "item_230205_description": "攻击+600",
  "item_230301_description": "防御+120",
  "item_230302_description": "防御+240",
  "item_230303_description": "防御+360",
  "item_230304_description": "防御+480",
  "item_230305_description": "防御+600",
  "item_230401_description": "速度+120",
  "item_230402_description": "速度+240",
  "item_230403_description": "速度+360",
  "item_230404_description": "速度+480",
  "item_230405_description": "速度+600",
  "item_230501_description": "暴击+120",
  "item_230502_description": "暴击+240",
  "item_230503_description": "暴击+360",
  "item_230504_description": "暴击+480",
  "item_230505_description": "暴击+600",
  "item_230601_description": "防暴+120",
  "item_230602_description": "防暴+240",
  "item_230603_description": "防暴+360",
  "item_230604_description": "防暴+480",
  "item_230605_description": "防暴+600",
  "item_230701_description": "格挡+120",
  "item_230702_description": "格挡+240",
  "item_230703_description": "格挡+360",
  "item_230704_description": "格挡+480",
  "item_230705_description": "格挡+600",
  "item_230801_description": "破击+120",
  "item_230802_description": "破击+240",
  "item_230803_description": "破击+360",
  "item_230804_description": "破击+480",
  "item_230805_description": "破击+600",
  "item_240001_description": "培养角色时需要的材料",
  "item_240101_description": "升级科技时需要的材料",
  "item_240201_description": "角色突破时需要的材料",
  "item_240301_description": "将某个角色80%的作战经验传授给另一个角色",
  "item_240302_description": "将某个角色50%的作战经验传授给另一个角色",
  "item_240401_description": "使用之后恢复5点行动力",
  "item_240501_description": "使用之后增加3次竞技场挑战机会",
  "item_240502_description": "使用之后增加3次碎片抢夺机会",
  "item_240601_description": "全服聊天用道具",
  "item_240701_description": "使用后可以更改自己的昵称",
  "item_240801_description": "角色从D级进化到C级时所需要的材料",
  "item_240802_description": "角色从C级进化到B级时所需要的材料",
  "item_240803_description": "角色从B级进化到A级时所需要的材料",
  "item_240804_description": "角色从A级进化到S级时所需要的材料",
  "item_240805_description": "角色从S级进化到SS级时所需要的材料",
  "item_240806_description": "角色从SS级进化到SSS级时所需要的材料",
  "item_240901_description": "在黑市购买商品时使用的货币",
  "item_250001_description": "打开获得各种作战物资",
  "item_250002_description": "打开获得一个B级或以上技能，最高可能获得S级技能",
  "item_250003_description": "打开获得B级以上技能或装备",
  "item_250004_description": "打开获得各种作战物资，有极小概率获得S级装备",
  "item_250005_description": "打开获得C级以上技能，有极小概率获得S级技能碎片",
  "item_250006_description": "打开获得各种作战物资，有概率获得艾丽塔的塞星匙",
  "item_250007_description": "打开获得各种作战物资，有概率获得威震天的塞星匙",
  "item_250008_description": "打开获得各品质技能，有几率获得S级强力全体攻击技能便携式核弹。",
  "item_250009_description": "打开获得各品质塞星匙，有几率获得擎天柱的塞星匙。",
  "item_250010_description": "使用能获得至少50突破能量块，有概率获得100或1000突破能量块",
  "item_250011_description": "使用能获得至少1万太空币，有概率获得2万或20万太空币",
  "item_250012_description": "打开获得各品质塞星匙，有几率获得威震天的塞星匙。",
  "item_250013_description": "打开获得各品质塞星匙，有几率获得猛大帅的塞星匙。",
  "item_250014_description": "打开获得各品质技能，有几率获得S级治疗技能：全体休整。",
  "item_250015_description": "打开获得各品质塞星匙，有几率获得艾丽塔的塞星匙。",
  "item_250101_description": "需要高级钥匙才能开启，开启后可获得各种作战物资",
  "item_250102_description": "需要中级钥匙才能开启，开启后可获得各种作战物资",
  "item_250103_description": "需要初级钥匙才能开启，开启后可获得各种作战物资",
  "item_250104_description": "打开获得各品质塞星匙，有几率获得擎天柱的塞星匙X30。",
  "item_250105_description": "打开获得各品质武器，有几率获得S级武器热核中子炮。",
  "item_250106_description": "打开获得各品质防具，有几率获得S级防具领袖之盾。",
  "item_250107_description": "打开获得各品质技能，有几率获得S级技能时间冻结。",
  "item_250201_description": "用于打开高级物资箱",
  "item_250202_description": "用于打开中级物资箱",
  "item_250203_description": "用于打开初级物资箱",
  "item_260001_description": "打开获得突破能量块100个，培养能量块1000个",
  "item_260002_description": "稀有武器宝箱,可以开出各品质武器,最高可以获得S级质量武器磁暴导弹.",
  "item_260003_description": "稀有的防具宝箱,可以开出各品质防具,最高可以获得S级质量防具地球防卫者.",
  "item_260004_description": "柯博文天賦技能,強有力的小隊攻擊技能,所有角色都可以使用,此寶箱有概率開出此神技",
  "item_251001_description": "一个随机的S级技能碎片",
  "item_251002_description": "一个随机的A级技能碎片",
  "item_251003_description": "一个随机的B级技能碎片",
  "item_251004_description": "一个随机的C级技能碎片",
  "item_251005_description": "一个随机的D级技能碎片",
  "item_251006_description": "一个随机级别的技能碎片",
  "item_251011_description": "一个随机S级角色的塞星匙",
  "item_251012_description": "一个随机A级角色的塞星匙",
  "item_251013_description": "一个随机B级角色的塞星匙",
  "item_251014_description": "一个随机C级角色的塞星匙",
  "item_251015_description": "一个随机D级角色的塞星匙",
  "item_251016_description": "一个随机角色的塞星匙",
  "item_251021_description": "一件随机的S级武器",
  "item_251022_description": "一件随机的A级武器",
  "item_251023_description": "一件随机的B级武器",
  "item_251024_description": "一件随机的C级武器",
  "item_251025_description": "一件随机的D级武器",
  "item_251026_description": "一件随机级别的武器",
  "item_251031_description": "一件随机的S级防御模块",
  "item_251032_description": "一件随机的A级防御模块",
  "item_251033_description": "一件随机的B级防御模块",
  "item_251034_description": "一件随机的C级防御模块",
  "item_251035_description": "一件随机的D级防御模块",
  "item_251036_description": "一件随机级别的防御模块",
  "item_251041_description": "一件随机的S级速度模块",
  "item_251042_description": "一件随机的A级速度模块",
  "item_251043_description": "一件随机的B级速度模块",
  "item_251044_description": "一件随机的C级速度模块",
  "item_251045_description": "一件随机的D级速度模块",
  "item_251046_description": "一件随机级别的速度模块",
  "item_251051_description": "一片随机的S级芯片",
  "item_251052_description": "一片随机的A级芯片",
  "item_251053_description": "一片随机的B级芯片",
  "item_251054_description": "一片随机的C级芯片",
  "item_251055_description": "一片随机的D级芯片",
  "item_251056_description": "一片随机级别的芯片",
  "item_251061_description": "一个随机的S级技能",
  "item_251062_description": "一个随机的A级技能",
  "item_251063_description": "一个随机的B级技能",
  "item_251064_description": "一个随机的C级技能",
  "item_251065_description": "一个随机的D级技能",
  "item_251066_description": "一个随机级别的技能",
  "item_270101_description": "打开获得大量作战物资",
  "item_270102_description": "打开获得大量作战物资",
  "item_270103_description": "打开获得大量作战物资",
  "item_270104_description": "打开获得大量作战物资",
  "item_270105_description": "打开获得大量作战物资",
  "item_270106_description": "打开获得大量作战物资",
  "item_270107_description": "打开获得大量作战物资",
  "item_270108_description": "打开获得大量作战物资",
  "item_270109_description": "打开获得大量作战物资",
  "item_270110_description": "打开获得大量作战物资",
  "item_270111_description": "打开获得大量作战物资",
  "item_270112_description": "打开获得大量作战物资",
  "item_270113_description": "打开获得大量作战物资",
  "item_270114_description": "打开获得大量作战物资",
  "item_270115_description": "打开获得大量作战物资",
  "item_271001_description": "打开获得一个随机的技能碎片",
  "item_280001_description": "通用货币",
  "item_290001_description": "付费货币",
  "item_2011001_description": "[color=FFFFF400]30[/color]个合成[color=FFFFF400]擎天柱[/color]",
  "item_2011002_description": "[color=FFFFF400]30[/color]个合成[color=FFFFF400]艾丽塔[/color]",
  "item_2011005_description": "[color=FFFFF400]30[/color]个合成[color=FFFFF400]铁皮[/color]",
  "item_2011006_description": "[color=FFFFF400]20[/color]个合成[color=FFFFF400]克劳莉娅[/color]",
  "item_2011007_description": "[color=FFFFF400]20[/color]个合成[color=FFFFF400]救护车[/color]",
  "item_2011008_description": "[color=FFFFF400]20[/color]个合成[color=FFFFF400]感知器[/color]",
  "item_2011009_description": "[color=FFFFF400]20[/color]个合成[color=FFFFF400]千斤顶[/color]",
  "item_2011010_description": "[color=FFFFF400]30[/color]个合成[color=FFFFF400]钢锁[/color]",
  "item_2011011_description": "[color=FFFFF400]30[/color]个合成[color=FFFFF400]嚎叫[/color]",
  "item_2011012_description": "[color=FFFFF400]30[/color]个合成[color=FFFFF400]铁渣[/color]",
  "item_2011013_description": "[color=FFFFF400]30[/color]个合成[color=FFFFF400]淤泥[/color]",
  "item_2011014_description": "[color=FFFFF400]30[/color]个合成[color=FFFFF400]飞标[/color]",
  "item_2011015_description": "[color=FFFFF400]30[/color]个合成[color=FFFFF400]通天晓[/color]",
  "item_2011016_description": "[color=FFFFF400]20[/color]个合成[color=FFFFF400]爵士[/color]",
  "item_2011017_description": "[color=FFFFF400]30[/color]个合成[color=FFFFF400]警车[/color]",
  "item_2011018_description": "[color=FFFFF400]15[/color]个合成[color=FFFFF400]烟幕[/color]",
  "item_2011019_description": "[color=FFFFF400]15[/color]个合成[color=FFFFF400]银霹雳[/color]",
  "item_2011020_description": "[color=FFFFF400]15[/color]个合成[color=FFFFF400]变速箱[/color]",
  "item_2011021_description": "[color=FFFFF400]15[/color]个合成[color=FFFFF400]鲁莽[/color]",
  "item_2011022_description": "[color=FFFFF400]10[/color]个合成[color=FFFFF400]大汉[/color]",
  "item_2011023_description": "[color=FFFFF400]10[/color]个合成[color=FFFFF400]开路先锋[/color]",
  "item_2011024_description": "[color=FFFFF400]30[/color]个合成[color=FFFFF400]天火[/color]",
  "item_2011025_description": "[color=FFFFF400]30[/color]个合成[color=FFFFF400]飞毛腿[/color]",
  "item_2011026_description": "[color=FFFFF400]30[/color]个合成[color=FFFFF400]横炮[/color]",
  "item_2011027_description": "[color=FFFFF400]10[/color]个合成[color=FFFFF400]轮胎[/color]",
  "item_2011028_description": "[color=FFFFF400]15[/color]个合成[color=FFFFF400]红色警报[/color]",
  "item_2011029_description": "[color=FFFFF400]15[/color]个合成[color=FFFFF400]消防车[/color]",
  "item_2011030_description": "[color=FFFFF400]15[/color]个合成[color=FFFFF400]滑翔机[/color]",
  "item_2011031_description": "[color=FFFFF400]10[/color]个合成[color=FFFFF400]浪花[/color]",
  "item_2011032_description": "[color=FFFFF400]30[/color]个合成[color=FFFFF400]探长[/color]",
  "item_2011033_description": "[color=FFFFF400]20[/color]个合成[color=FFFFF400]幻影[/color]",
  "item_2011034_description": "[color=FFFFF400]10[/color]个合成[color=FFFFF400]飞过山[/color]",
  "item_2011035_description": "[color=FFFFF400]20[/color]个合成[color=FFFFF400]大黄蜂[/color]",
  "item_2011036_description": "[color=FFFFF400]5[/color]个合成[color=FFFFF400]营救车[/color]",
  "item_2011037_description": "[color=FFFFF400]5[/color]个合成[color=FFFFF400]充电器[/color]",
  "item_2011038_description": "[color=FFFFF400]5[/color]个合成[color=FFFFF400]吊车[/color]",
  "item_2011039_description": "[color=FFFFF400]5[/color]个合成[color=FFFFF400]滑车[/color]",
  "item_2011040_description": "[color=FFFFF400]20[/color]个合成[color=FFFFF400]火翼星[/color]",
  "item_2011041_description": "[color=FFFFF400]15[/color]个合成[color=FFFFF400]宇宙飞碟[/color]",
  "item_2011042_description": "[color=FFFFF400]15[/color]个合成[color=FFFFF400]巨浪[/color]",
  "item_2011043_description": "[color=FFFFF400]5[/color]个合成[color=FFFFF400]犀牛[/color]",
  "item_2011044_description": "[color=FFFFF400]5[/color]个合成[color=FFFFF400]发条[/color]",
  "item_2011045_description": "[color=FFFFF400]5[/color]个合成[color=FFFFF400]喷射[/color]",
  "item_2011046_description": "[color=FFFFF400]5[/color]个合成[color=FFFFF400]钢钳[/color]",
  "item_2011047_description": "[color=FFFFF400]20[/color]个合成[color=FFFFF400]录音机[/color]",
  "item_2011048_description": "[color=FFFFF400]30[/color]个合成[color=FFFFF400]猛大帅[/color]",
  "item_2011049_description": "[color=FFFFF400]30[/color]个合成[color=FFFFF400]天猫号[/color]",
  "item_2011050_description": "[color=FFFFF400]30[/color]个合成[color=FFFFF400]大力金刚[/color]",
  "item_2011051_description": "[color=FFFFF400]15[/color]个合成[color=FFFFF400]罗嗦[/color]",
  "item_2011052_description": "[color=FFFFF400]30[/color]个合成[color=FFFFF400]杯子[/color]",
  "item_2011053_description": "[color=FFFFF400]30[/color]个合成[color=FFFFF400]补天士[/color]",
  "item_2011054_description": "[color=FFFFF400]5[/color]个合成[color=FFFFF400]转轮[/color]",
  "item_2011055_description": "[color=FFFFF400]20[/color]个合成[color=FFFFF400]阿尔茜[/color]",
  "item_2011056_description": "[color=FFFFF400]10[/color]个合成[color=FFFFF400]战戟[/color]",
  "item_2011057_description": "[color=FFFFF400]10[/color]个合成[color=FFFFF400]路火[/color]",
  "item_2011058_description": "[color=FFFFF400]10[/color]个合成[color=FFFFF400]旋刃[/color]",
  "item_2011059_description": "[color=FFFFF400]15[/color]个合成[color=FFFFF400]空袭[/color],他是组合金刚[color=FFFFF400]大无畏[/color]的成员",
  "item_2011060_description": "[color=FFFFF400]15[/color]个合成[color=FFFFF400]弹弓[/color],他是组合金刚[color=FFFFF400]大无畏[/color]的成员",
  "item_2011061_description": "[color=FFFFF400]20[/color]个合成[color=FFFFF400]银剑[/color],他是组合金刚[color=FFFFF400]大无畏[/color]的成员",
  "item_2011062_description": "[color=FFFFF400]15[/color]个合成[color=FFFFF400]飞火[/color],他是组合金刚[color=FFFFF400]大无畏[/color]的成员",
  "item_2011063_description": "[color=FFFFF400]20[/color]个合成[color=FFFFF400]俯冲[/color],他是组合金刚[color=FFFFF400]大无畏[/color]的成员",
  "item_2011065_description": "[color=FFFFF400]10[/color]个合成[color=FFFFF400]史迪[/color]",
  "item_2011066_description": "[color=FFFFF400]10[/color]个合成[color=FFFFF400]乔伊[/color]",
  "item_2011067_description": "[color=FFFFF400]10[/color]个合成[color=FFFFF400]格雷[/color]",
  "item_2011068_description": "[color=FFFFF400]10[/color]个合成[color=FFFFF400]夜巡[/color]",
  "item_2011069_description": "[color=FFFFF400]10[/color]个合成[color=FFFFF400]老顽固费特[/color]",
  "item_2011070_description": "[color=FFFFF400]10[/color]个合成[color=FFFFF400]电子斗士海隆[/color]",
  "item_2011071_description": "[color=FFFFF400]10[/color]个合成[color=FFFFF400]小诸葛黎恩[/color]",
  "item_2011072_description": "[color=FFFFF400]15[/color]个合成[color=FFFFF400]大街[/color]",
  "item_2011073_description": "[color=FFFFF400]20[/color]个合成[color=FFFFF400]刀刃[/color]",
  "item_2011074_description": "[color=FFFFF400]20[/color]个合成[color=FFFFF400]热点[/color]",
  "item_2012001_description": "[color=FFFFF400]30[/color]个合成[color=FFFFF400]威震天[/color]",
  "item_2012002_description": "[color=FFFFF400]30[/color]个合成[color=FFFFF400]红蜘蛛[/color]",
  "item_2012003_description": "[color=FFFFF400]30[/color]个合成[color=FFFFF400]闹翻天[/color]",
  "item_2012004_description": "[color=FFFFF400]30[/color]个合成[color=FFFFF400]惊天雷[/color]",
  "item_2012005_description": "[color=FFFFF400]20[/color]个合成[color=FFFFF400]硫酸雨[/color]",
  "item_2012006_description": "[color=FFFFF400]30[/color]个合成[color=FFFFF400]太阳风[/color]",
  "item_2012007_description": "[color=FFFFF400]20[/color]个合成[color=FFFFF400]滑流[/color]",
  "item_2012008_description": "[color=FFFFF400]20[/color]个合成[color=FFFFF400]挽歌[/color]",
  "item_2012009_description": "[color=FFFFF400]20[/color]个合成[color=FFFFF400]冲锋[/color]",
  "item_2012010_description": "[color=FFFFF400]20[/color]个合成[color=FFFFF400]喷气机[/color]",
  "item_2012011_description": "[color=FFFFF400]5[/color]个合成[color=FFFFF400]机器蝙蝠[/color]",
  "item_2012012_description": "[color=FFFFF400]5[/color]个合成[color=FFFFF400]角龙[/color]",
  "item_2012013_description": "[color=FFFFF400]5[/color]个合成[color=FFFFF400]剑龙[/color]",
  "item_2012014_description": "[color=FFFFF400]20[/color]个合成[color=FFFFF400]轰隆隆[/color]",
  "item_2012015_description": "[color=FFFFF400]20[/color]个合成[color=FFFFF400]迷乱[/color]",
  "item_2012016_description": "[color=FFFFF400]5[/color]个合成[color=FFFFF400]锯齿鸟[/color]",
  "item_2012017_description": "[color=FFFFF400]20[/color]个合成[color=FFFFF400]机器狗[/color]",
  "item_2012018_description": "[color=FFFFF400]5[/color]个合成[color=FFFFF400]激光鸟[/color]",
  "item_2012019_description": "[color=FFFFF400]15[/color]个合成[color=FFFFF400]蛮横[/color]",
  "item_2012020_description": "[color=FFFFF400]30[/color]个合成[color=FFFFF400]声波[/color]",
  "item_2012021_description": "[color=FFFFF400]30[/color]个合成[color=FFFFF400]震荡波[/color]",
  "item_2012022_description": "[color=FFFFF400]15[/color]个合成[color=FFFFF400]洪灾[/color]",
  "item_2012023_description": "[color=FFFFF400]20[/color]个合成[color=FFFFF400]阿卡维拉博士[/color]",
  "item_2012024_description": "[color=FFFFF400]30[/color]个合成[color=FFFFF400]黑暗擎天柱[/color]",
  "item_2012025_description": "[color=FFFFF400]10[/color]个合成[color=FFFFF400]钢牙[/color]",
  "item_2012026_description": "[color=FFFFF400]30[/color]个合成[color=FFFFF400]火焰战士[/color]",
  "item_2012027_description": "[color=FFFFF400]30[/color]个合成[color=FFFFF400]铁甲龙[/color]",
  "item_2012029_description": "[color=FFFFF400]10[/color]个合成[color=FFFFF400]浪客[/color]",
  "item_2012030_description": "[color=FFFFF400]10[/color]个合成[color=FFFFF400]游民[/color]",
  "item_2012031_description": "[color=FFFFF400]10[/color]个合成[color=FFFFF400]黑云[/color]",
  "item_2012032_description": "[color=FFFFF400]10[/color]个合成[color=FFFFF400]天煞[/color]",
  "item_2012033_description": "[color=FFFFF400]20[/color]个合成[color=FFFFF400]炮弹[/color]",
  "item_2012034_description": "[color=FFFFF400]15[/color]个合成[color=FFFFF400]反冲[/color]",
  "item_2012035_description": "[color=FFFFF400]20[/color]个合成[color=FFFFF400]锹形虫[/color]",
  "item_2012036_description": "[color=FFFFF400]20[/color]个合成[color=FFFFF400]毒液[/color]",
  "item_2012037_description": "[color=FFFFF400]5[/color]个合成[color=FFFFF400]洗劫[/color]",
  "item_2012038_description": "[color=FFFFF400]5[/color]个合成[color=FFFFF400]屠夫[/color]",
  "item_2012039_description": "[color=FFFFF400]15[/color]个合成[color=FFFFF400]弹幕[/color]",
  "item_2012040_description": "[color=FFFFF400]20[/color]个合成[color=FFFFF400]推土机[/color],他是组合金刚[color=FFFFF400]大力神[/color]的成员",
  "item_2012041_description": "[color=FFFFF400]20[/color]个合成[color=FFFFF400]搅拌者[/color],他是组合金刚[color=FFFFF400]大力神[/color]的成员",
  "item_2012042_description": "[color=FFFFF400]20[/color]个合成[color=FFFFF400]清扫机[/color],他是组合金刚[color=FFFFF400]大力神[/color]的成员",
  "item_2012043_description": "[color=FFFFF400]20[/color]个合成[color=FFFFF400]拖斗[/color],他是组合金刚[color=FFFFF400]大力神[/color]的成员",
  "item_2012044_description": "[color=FFFFF400]20[/color]个合成[color=FFFFF400]吊钩[/color],他是组合金刚[color=FFFFF400]大力神[/color]的成员",
  "item_2012045_description": "[color=FFFFF400]20[/color]个合成[color=FFFFF400]铲土机[/color],他是组合金刚[color=FFFFF400]大力神[/color]的成员",
  "item_2012047_description": "[color=FFFFF400]20[/color]个合成[color=FFFFF400]铁头[/color],他是组合金刚[color=FFFFF400]冲云霄[/color]的成员",
  "item_2012048_description": "[color=FFFFF400]20[/color]个合成[color=FFFFF400]猛虎[/color],他是组合金刚[color=FFFFF400]冲云霄[/color]的成员",
  "item_2012049_description": "[color=FFFFF400]20[/color]个合成[color=FFFFF400]大鹏[/color],他是组合金刚[color=FFFFF400]冲云霄[/color]的成员",
  "item_2012050_description": "[color=FFFFF400]20[/color]个合成[color=FFFFF400]利爪[/color],他是组合金刚[color=FFFFF400]冲云霄[/color]的成员",
  "item_2012051_description": "[color=FFFFF400]20[/color]个合成[color=FFFFF400]野牛[/color],他是组合金刚[color=FFFFF400]冲云霄[/color]的成员",
  "item_2012053_description": "[color=FFFFF400]20[/color]个合成[color=FFFFF400]抢劫[/color],他是组合金刚[color=FFFFF400]飞天虎[/color]的成员",
  "item_2012054_description": "[color=FFFFF400]20[/color]个合成[color=FFFFF400]封锁[/color],他是组合金刚[color=FFFFF400]飞天虎[/color]的成员",
  "item_2012055_description": "[color=FFFFF400]20[/color]个合成[color=FFFFF400]打击[/color],他是组合金刚[color=FFFFF400]飞天虎[/color]的成员",
  "item_2012056_description": "[color=FFFFF400]20[/color]个合成[color=FFFFF400]莽撞[/color],他是组合金刚[color=FFFFF400]飞天虎[/color]的成员",
  "item_2012057_description": "[color=FFFFF400]20[/color]个合成[color=FFFFF400]汽车大师[/color],他是组合金刚[color=FFFFF400]飞天虎[/color]的成员",
  "item_2012059_description": "[color=FFFFF400]20[/color]个合成[color=FFFFF400]袭击[/color],他是组合金刚[color=FFFFF400]混天豹[/color]的成员",
  "item_2012060_description": "[color=FFFFF400]20[/color]个合成[color=FFFFF400]爆炸[/color],他是组合金刚[color=FFFFF400]混天豹[/color]的成员",
  "item_2012061_description": "[color=FFFFF400]20[/color]个合成[color=FFFFF400]吵闹[/color],他是组合金刚[color=FFFFF400]混天豹[/color]的成员",
  "item_2012062_description": "[color=FFFFF400]20[/color]个合成[color=FFFFF400]旋风[/color],他是组合金刚[color=FFFFF400]混天豹[/color]的成员",
  "item_2012063_description": "[color=FFFFF400]20[/color]个合成[color=FFFFF400]诈骗[/color],他是组合金刚[color=FFFFF400]混天豹[/color]的成员",
  "item_2012065_description": "[color=FFFFF400]30[/color]个合成[color=FFFFF400]瘟疫[/color]",
  "item_2012066_description": "[color=FFFFF400]30[/color]个合成[color=FFFFF400]狂飙[/color]",
  "item_2012067_description": "[color=FFFFF400]30[/color]个合成[color=FFFFF400]惊破天[/color]",
  "item_2012068_description": "[color=FFFFF400]10[/color]个合成[color=FFFFF400]人狼[/color]",
  "item_2012069_description": "[color=FFFFF400]10[/color]个合成[color=FFFFF400]天狼[/color]",
  "item_2012070_description": "[color=FFFFF400]15[/color]个合成[color=FFFFF400]咆哮[/color]",
  "item_2012071_description": "[color=FFFFF400]15[/color]个合成[color=FFFFF400]鬼难缠[/color]",
  "item_2012072_description": "[color=FFFFF400]15[/color]个合成[color=FFFFF400]俯射[/color]",
  "item_2012073_description": "[color=FFFFF400]15[/color]个合成[color=FFFFF400]霹雳弹[/color]",
  "item_2012074_description": "[color=FFFFF400]5[/color]个合成[color=FFFFF400]照相机[/color]",
  "item_2012075_description": "[color=FFFFF400]10[/color]个合成[color=FFFFF400]路障[/color]",
  "item_2012076_description": "[color=FFFFF400]10[/color]个合成[color=FFFFF400]吊索[/color]",
  "item_2021003_description": "用于合成火球弹",
  "item_2021004_description": "用于合成干冰打击",
  "item_2021005_description": "用于合成能量光束",
  "item_2021006_description": "用于合成重拳打击",
  "item_2021011_description": "用于合成电能冲击波",
  "item_2021012_description": "用于合成盐酸爆弹",
  "item_2021013_description": "用于合成火焰扫射",
  "item_2021021_description": "用于合成暗杀",
  "item_2021022_description": "用于合成精确狙击",
  "item_2021023_description": "用于合成战斧式导弹",
  "item_2021024_description": "用于合成脉冲光束",
  "item_2021031_description": "用于合成组合拳",
  "item_2021032_description": "用于合成致盲光线",
  "item_2021033_description": "用于合成火箭弹",
  "item_2021034_description": "用于合成能量脉冲",
  "item_2021041_description": "用于合成远程打击",
  "item_2021042_description": "用于合成电磁脉冲弹",
  "item_2021043_description": "用于合成冷冻波",
  "item_2021044_description": "用于合成高能粒子弹",
  "item_2021051_description": "用于合成热力激光",
  "item_2021052_description": "用于合成电弧直击",
  "item_2021053_description": "用于合成反物质冲击",
  "item_2021054_description": "用于合成碎地击",
  "item_2021061_description": "用于合成火之舞",
  "item_2021062_description": "用于合成雷霆一击",
  "item_2021063_description": "用于合成急冻光束",
  "item_2021064_description": "用于合成声波炸弹",
  "item_2021071_description": "用于合成音速轰炸",
  "item_2021072_description": "用于合成棱镜折射",
  "item_2021073_description": "用于合成电磁风暴",
  "item_2021074_description": "用于合成乙炔火焰",
  "item_2021081_description": "用于合成巨人之怒",
  "item_2021082_description": "用于合成正电子射线",
  "item_2021083_description": "用于合成便携式核弹",
  "item_2021084_description": "用于合成绝对零度",
  "item_2021101_description": "用于合成战场救护",
  "item_2021102_description": "用于合成应急处理",
  "item_2021103_description": "用于合成全体休整",
  "item_2021111_description": "用于合成电磁干扰",
  "item_2021112_description": "用于合成步履蹒跚",
  "item_2021113_description": "用于合成低温领域",
  "item_2021121_description": "用于合成音波冲击",
  "item_2021122_description": "用于合成暴露弱点",
  "item_2021123_description": "用于合成酸雨污染",
  "item_2021124_description": "用于合成腐蚀酸液",
  "item_2021131_description": "用于合成扰频射线",
  "item_2021132_description": "用于合成阻燃剂",
  "item_2021133_description": "用于合成高能磁场",
  "item_2021134_description": "用于合成挑拨离间",
  "item_2022001_description": "用于合成经验丰富",
  "item_2022002_description": "用于合成身经百战",
  "item_2022003_description": "用于合成事半功倍",
  "item_2022004_description": "用于合成老兵不死",
  "item_2022011_description": "用于合成财源滚滚",
  "item_2022012_description": "用于合成投机客",
  "item_2022013_description": "用于合成金钱至上",
  "item_2022014_description": "用于合成量化宽松",
  "item_2022021_description": "用于合成强化训练",
  "item_2022022_description": "用于合成忠诚考验",
  "item_2022023_description": "用于合成训练有素",
  "item_2022024_description": "用于合成高级教官",
  "item_2022031_description": "用于合成快速研发",
  "item_2022032_description": "用于合成集成电路",
  "item_2022033_description": "用于合成云计算",
  "item_2022034_description": "用于合成科技之光",
  "item_2024001_description": "用于合成空中打击",
  "item_2024002_description": "用于合成岩浆吐息",
  "item_2024003_description": "用于合成火流星",
  "item_2024004_description": "用于合成山崩地裂",
  "item_2024005_description": "用于合成地震波",
  "item_2024007_description": "用于合成突然袭击",
  "item_2024008_description": "用于合成时间冻结",
  "item_2024010_description": "用于合成集中攻击",
  "item_2024011_description": "用于合成散弹攻击",
  "item_2024012_description": "用于合成高频音弹",
  "item_2024013_description": "用于合成穿甲弹",
  "item_2024014_description": "用于合成热追踪导弹",
  "item_2024015_description": "用于合成次声波爆炸",
  "item_2024016_description": "用于合成榴弹轰击",
  "item_2024017_description": "用于合成高速杀手",
  "item_2024018_description": "用于合成空中射手",
  "item_2024020_description": "用于合成妙手仁芯",
  "item_2024021_description": "用于合成能效最大化",
  "item_2024022_description": "用于合成侦察尖兵",
  "item_2024023_description": "用于合成终极防御",
  "item_2024024_description": "用于合成可靠后盾",
  "item_2024025_description": "用于合成炫光音波",
  "item_2024026_description": "用于合成读心术",
  "item_2024027_description": "用于合成幻影移形",
  "item_2024028_description": "用于合成时空裂隙",
  "item_2024029_description": "用于合成间谍",
  "item_2024030_description": "用于合成思维控制"
}