{
  "vip_1_desc": "消费1#{0}成为VIP1，享受以下特权\n\n剧情战斗中掉落[color=FFFFF400]太空币增加5%[/color]\n每日[color=FFFFF400]行动恢复[/color]次数增至[color=FFFFF400]3次[/color]\n[color=FFFFF400]科技冷却时间[/color]上限增至[color=FFFFF400]180分钟[/color]\n获得购买[color=FFFFF400]VIP1礼包[/color]资格\n\nVIP1特权礼包包含以下内容\n太空币 X1000\n突破能量块 X20\n行动恢复 X1",
  "vip_2_desc": "消费10#{0}成为VIP2，享受以下特权\n\n开启装备的[color=FFFFF400]连续强化功能[/color][color=FFFF0000](NEW)[/color]\n剧情战斗中掉落[color=FFFFF400]太空币增加5%[/color]\n每日[color=FFFFF400]试炼次数[/color]增至[color=FFFFF400]12次[/color][color=FFFF0000](NEW)[/color]\n每日[color=FFFFF400]行动恢复[/color]次数增至[color=FFFFF400]3次[/color]\n可[color=FFFFF400]重置关卡[/color]挑战次数增至[color=FFFFF400]1次[/color][color=FFFF0000](NEW)[/color]\n[color=FFFFF400]科技冷却时间[/color]上限增至[color=FFFFF400]180分钟[/color]\n获得购买[color=FFFFF400]VIP2礼包[/color]资格\n\nVIP2特权礼包包含以下内容\n太空币 X2000\n突破能量块 X40\n行动恢复 X2",
  "vip_3_desc": "消费30#{0}成为VIP3，享受以下特权\n\n开启装备的[color=FFFFF400]连续强化功能[/color]\n开启剧情战斗的[color=FFFFF400]扫荡功能[/color][color=FFFF0000](NEW)[/color]\n剧情战斗中掉落[color=FFFFF400]太空币增加10%[/color]\n每日[color=FFFFF400]试炼次数[/color]增至[color=FFFFF400]12次[/color]\n每日[color=FFFFF400]行动恢复[/color]次数增至[color=FFFFF400]3次[/color]\n每日[color=FFFFF400]竞技恢复[/color]次数增至[color=FFFFF400]3次[/color][color=FFFF0000](NEW)[/color]\n可[color=FFFFF400]重置关卡[/color]挑战次数增至[color=FFFFF400]1次[/color]\n[color=FFFFF400]科技冷却时间[/color]上限增至[color=FFFFF400]210分钟[/color]\n获得购买[color=FFFFF400]VIP3礼包[/color]资格\n\nVIP3特权礼包包含以下内容\n太空币 X3000\n突破能量块 X60\n行动恢复 X2",
  "vip_4_desc": "消费60#{0}成为VIP4，享受以下特权\n\n开启装备的[color=FFFFF400]连续强化功能[/color]\n开启剧情战斗的[color=FFFFF400]扫荡功能[/color]\n剧情战斗中掉落[color=FFFFF400]太空币增加10%[/color]\n每日[color=FFFFF400]试炼次数[/color]增至[color=FFFFF400]12次[/color]\n每日[color=FFFFF400]行动恢复[/color]次数增至[color=FFFFF400]4次[/color]\n每日[color=FFFFF400]竞技恢复[/color]次数增至[color=FFFFF400]3次[/color]\n每日[color=FFFFF400]抢夺恢复[/color]次数增至[color=FFFFF400]3次[/color][color=FFFF0000](NEW)[/color]\n可[color=FFFFF400]重置关卡[/color]挑战次数增至[color=FFFFF400]1次[/color]\n[color=FFFFF400]科技冷却时间[/color]上限增至[color=FFFFF400]240分钟[/color]\n获得购买[color=FFFFF400]VIP4礼包[/color]资格\n\nVIP4特权礼包包含以下内容\nA级技能 X1\n太空币 X5000\n突破能量块 X100\n行动恢复 X2",
  "vip_5_desc": "消费100#{0}成为VIP5，享受以下特权\n\n开启装备的[color=FFFFF400]连续强化功能[/color]\n开启剧情战斗的[color=FFFFF400]扫荡功能[/color]\n剧情战斗中掉落[color=FFFFF400]太空币增加10%[/color]\n每日[color=FFFFF400]试炼次数[/color]增至[color=FFFFF400]14次[/color]\n每日[color=FFFFF400]行动恢复[/color]次数增至[color=FFFFF400]4次[/color]\n每日[color=FFFFF400]竞技恢复[/color]次数增至[color=FFFFF400]3次[/color]\n每日[color=FFFFF400]抢夺恢复[/color]次数增至[color=FFFFF400]3次[/color]\n可[color=FFFFF400]重置关卡[/color]挑战次数增至[color=FFFFF400]2次[/color]\n[color=FFFFF400]科技冷却时间[/color]上限增至[color=FFFFF400]270分钟[/color]\n获得购买[color=FFFFF400]VIP5礼包[/color]资格\n\nVIP5特权礼包包含以下内容\nA级防具 X1\n太空币 X10000\n突破能量块 X200\n行动恢复 X5",
  "vip_6_desc": "消费200#{0}成为VIP6，享受以下特权\n\n开启装备的[color=FFFFF400]连续强化功能[/color]\n开启剧情战斗的[color=FFFFF400]扫荡功能[/color]\n剧情战斗中掉落[color=FFFFF400]太空币增加15%[/color]\n每日[color=FFFFF400]试炼次数[/color]增至[color=FFFFF400]14次[/color]\n每日[color=FFFFF400]行动恢复[/color]次数增至[color=FFFFF400]4次[/color]\n每日[color=FFFFF400]竞技恢复[/color]次数增至[color=FFFFF400]4次[/color]\n每日[color=FFFFF400]抢夺恢复[/color]次数增至[color=FFFFF400]3次[/color]\n可[color=FFFFF400]重置关卡[/color]挑战次数增至[color=FFFFF400]2次[/color]\n[color=FFFFF400]科技冷却时间[/color]上限增至[color=FFFFF400]300分钟[/color]\n获得购买[color=FFFFF400]VIP6礼包[/color]资格\n\nVIP6特权礼包包含以下内容\nA级武器 X1\n太空币 X15000\n突破能量块 X300\n行动恢复 X5",
  "vip_7_desc": "消费300#{0}成为VIP7，享受以下特权\n\n开启装备的[color=FFFFF400]连续强化功能[/color]\n开启剧情战斗的[color=FFFFF400]扫荡功能[/color]\n剧情战斗中掉落[color=FFFFF400]太空币增加15%[/color]\n每日[color=FFFFF400]试炼次数[/color]增至[color=FFFFF400]14次[/color]\n每日[color=FFFFF400]行动恢复[/color]次数增至[color=FFFFF400]4次[/color]\n每日[color=FFFFF400]竞技恢复[/color]次数增至[color=FFFFF400]4次[/color]\n每日[color=FFFFF400]抢夺恢复[/color]次数增至[color=FFFFF400]4次[/color]\n可[color=FFFFF400]重置关卡[/color]挑战次数增至[color=FFFFF400]2次[/color]\n[color=FFFFF400]科技冷却时间[/color]上限增至[color=FFFFF400]330分钟[/color]\n获得购买[color=FFFFF400]VIP7礼包[/color]资格\n\nVIP7特权礼包包含以下内容\nA级动力 X1\n太空币 X20000\n突破能量块 X400\n行动恢复 X5",
  "vip_8_desc": "消费500#{0}成为VIP8，享受以下特权\n\n开启装备的[color=FFFFF400]连续强化功能[/color]\n开启剧情战斗的[color=FFFFF400]扫荡功能[/color]\n剧情战斗中掉落[color=FFFFF400]太空币增加15%[/color]\n每日[color=FFFFF400]试炼次数[/color]增至[color=FFFFF400]16次[/color]\n每日[color=FFFFF400]行动恢复[/color]次数增至[color=FFFFF400]5次[/color]\n每日[color=FFFFF400]竞技恢复[/color]次数增至[color=FFFFF400]5次[/color]\n每日[color=FFFFF400]抢夺恢复[/color]次数增至[color=FFFFF400]4次[/color]\n可[color=FFFFF400]重置关卡[/color]挑战次数增至[color=FFFFF400]2次[/color]\n[color=FFFFF400]科技冷却时间[/color]上限增至[color=FFFFF400]360分钟[/color]\n获得购买[color=FFFFF400]VIP8礼包[/color]资格\n\nVIP8特权礼包包含以下内容\n防御芯片A级 X1\nS级技能 X1\n太空币 X30000\n突破能量块 X600\n行动恢复 X8",
  "vip_9_desc": "消费700#{0}成为VIP9，享受以下特权\n\n开启装备的[color=FFFFF400]连续强化功能[/color]\n开启剧情战斗的[color=FFFFF400]扫荡功能[/color]\n剧情战斗中掉落[color=FFFFF400]太空币增加15%[/color]\n每日[color=FFFFF400]试炼次数[/color]增至[color=FFFFF400]16次[/color]\n每日[color=FFFFF400]行动恢复[/color]次数增至[color=FFFFF400]5次[/color]\n每日[color=FFFFF400]竞技恢复[/color]次数增至[color=FFFFF400]6次[/color]\n每日[color=FFFFF400]抢夺恢复[/color]次数增至[color=FFFFF400]5次[/color]\n可[color=FFFFF400]重置关卡[/color]挑战次数增至[color=FFFFF400]2次[/color]\n[color=FFFFF400]科技冷却时间[/color]上限增至[color=FFFFF400]390分钟[/color]\n获得购买[color=FFFFF400]VIP9礼包[/color]资格\n\nVIP9特权礼包包含以下内容\n攻击芯片S级 X1\n太空币 X40000\n突破能量块 X800\n行动恢复 X8",
  "vip_10_desc": "消费1000#{0}成为VIP10，享受以下特权\n\n开启装备的[color=FFFFF400]连续强化功能[/color]\n开启剧情战斗的[color=FFFFF400]扫荡功能[/color]\n开启[color=FFFFF400]VIP训练室[/color]功能[color=FFFF0000](NEW)[/color]\n剧情战斗中掉落[color=FFFFF400]太空币增加15%[/color]\n每日[color=FFFFF400]试炼次数[/color]增至[color=FFFFF400]18次[/color]\n每日[color=FFFFF400]行动恢复[/color]次数增至[color=FFFFF400]5次[/color]\n每日[color=FFFFF400]竞技恢复[/color]次数增至[color=FFFFF400]6次[/color]\n每日[color=FFFFF400]抢夺恢复[/color]次数增至[color=FFFFF400]5次[/color]\n可[color=FFFFF400]重置关卡[/color]挑战次数增至[color=FFFFF400]3次[/color]\n[color=FFFFF400]科技冷却时间[/color]上限增至[color=FFFFF400]420分钟[/color]\n获得购买[color=FFFFF400]VIP10礼包[/color]资格\n\nVIP10特权礼包包含以下内容\n生命芯片A级 X1\nS级防具 X1\n太空币 X60000\n突破能量块 X1200\n行动恢复 X8",
  "vip_11_desc": "消费2000#{0}成为VIP11，享受以下特权\n\n开启装备的[color=FFFFF400]连续强化功能[/color]\n开启剧情战斗的[color=FFFFF400]扫荡功能[/color]\n开启[color=FFFFF400]VIP训练室[/color]功能\n剧情战斗中掉落[color=FFFFF400]太空币增加20%[/color]\n每日[color=FFFFF400]试炼次数[/color]增至[color=FFFFF400]20次[/color]\n每日[color=FFFFF400]行动恢复[/color]次数增至[color=FFFFF400]5次[/color]\n每日[color=FFFFF400]竞技恢复[/color]次数增至[color=FFFFF400]6次[/color]\n每日[color=FFFFF400]抢夺恢复[/color]次数增至[color=FFFFF400]6次[/color]\n可[color=FFFFF400]重置关卡[/color]挑战次数增至[color=FFFFF400]3次[/color]\n[color=FFFFF400]科技冷却时间[/color]上限增至[color=FFFFF400]450分钟[/color]\n获得购买[color=FFFFF400]VIP11礼包[/color]资格\n\nVIP11特权礼包包含以下内容\nS级角色-铁渣的塞星匙 X30\n（机器恐龙超强情感关系：攻击上升 2体8%/3体11%/4体14%/5体全20%）\n攻击芯片A级 X1\nS级武器 X1\n太空币 X120000\n突破能量块 X2400\n行动恢复 X8",
  "vip_12_desc": "消费4000#{0}成为VIP12，享受以下特权\n\n开启装备的[color=FFFFF400]连续强化功能[/color]\n开启剧情战斗的[color=FFFFF400]扫荡功能[/color]\n开启[color=FFFFF400]VIP训练室[/color]功能\n剧情战斗中掉落[color=FFFFF400]太空币增加20%[/color]\n每日[color=FFFFF400]试炼次数[/color]增至[color=FFFFF400]22次[/color]\n每日[color=FFFFF400]行动恢复[/color]次数增至[color=FFFFF400]6次[/color]\n每日[color=FFFFF400]竞技恢复[/color]次数增至[color=FFFFF400]6次[/color]\n每日[color=FFFFF400]抢夺恢复[/color]次数增至[color=FFFFF400]6次[/color]\n可[color=FFFFF400]重置关卡[/color]挑战次数增至[color=FFFFF400]4次[/color]\n[color=FFFFF400]科技冷却时间[/color]上限增至[color=FFFFF400]480分钟[/color]\n获得购买[color=FFFFF400]VIP12礼包[/color]资格\n\nVIP12特权礼包包含以下内容\nS级角色-淤泥的塞星匙 X30\n（机器恐龙超强情感关系：攻击上升 2体8%/3体11%/4体14%/5体全20%）\n速度芯片A级 X1\nS级动力 X1\n太空币 X180000\n突破能量块 X3600\n行动恢复 X10",
  "vip_13_desc": "消费8000#{0}成为VIP13，享受以下特权\n\n开启装备的[color=FFFFF400]连续强化功能[/color]\n开启剧情战斗的[color=FFFFF400]扫荡功能[/color]\n开启[color=FFFFF400]VIP训练室[/color]功能\n剧情战斗中掉落[color=FFFFF400]太空币增加20%[/color]\n每日[color=FFFFF400]试炼次数[/color]增至[color=FFFFF400]24次[/color]\n每日[color=FFFFF400]行动恢复[/color]次数增至[color=FFFFF400]6次[/color]\n每日[color=FFFFF400]竞技恢复[/color]次数增至[color=FFFFF400]7次[/color]\n每日[color=FFFFF400]抢夺恢复[/color]次数增至[color=FFFFF400]7次[/color]\n可[color=FFFFF400]重置关卡[/color]挑战次数增至[color=FFFFF400]4次[/color]\n[color=FFFFF400]科技冷却时间[/color]上限增至[color=FFFFF400]510分钟[/color]\n获得购买[color=FFFFF400]VIP13礼包[/color]资格\n\nVIP13特权礼包包含以下内容\nS级角色-飞标的塞星匙 X30\n（机器恐龙超强情感关系：攻击上升 2体8%/3体11%/4体14%/5体全20%）\n生命芯片S级 X1\nS级防具 X1\n太空币 X240000\n突破能量块 X4800\n行动恢复 X10",
  "vip_14_desc": "消费15000#{0}成为VIP14，享受以下特权\n\n开启装备的[color=FFFFF400]连续强化功能[/color]\n开启剧情战斗的[color=FFFFF400]扫荡功能[/color]\n开启[color=FFFFF400]VIP训练室[/color]功能\n剧情战斗中掉落[color=FFFFF400]太空币增加20%[/color]\n每日[color=FFFFF400]试炼次数[/color]增至[color=FFFFF400]26次[/color]\n每日[color=FFFFF400]行动恢复[/color]次数增至[color=FFFFF400]6次[/color]\n每日[color=FFFFF400]竞技恢复[/color]次数增至[color=FFFFF400]8次[/color]\n每日[color=FFFFF400]抢夺恢复[/color]次数增至[color=FFFFF400]8次[/color]\n可[color=FFFFF400]重置关卡[/color]挑战次数增至[color=FFFFF400]4次[/color]\n[color=FFFFF400]科技冷却时间[/color]上限增至[color=FFFFF400]540分钟[/color]\n获得购买[color=FFFFF400]VIP14礼包[/color]资格\n\nVIP14特权礼包包含以下内容\nS级角色-嚎叫的塞星匙 X30\n（机器恐龙超强情感关系：攻击上升 2体8%/3体11%/4体14%/5体全20%）\nS级技能 X1\n防御芯片S级 X1\nS级武器 X1\n太空币 X360000\n突破能量块 X7200\n行动恢复 X10",
  "vip_15_desc": "消费30000#{0}成为VIP15，享受以下特权\n\n开启装备的[color=FFFFF400]连续强化功能[/color]\n开启剧情战斗的[color=FFFFF400]扫荡功能[/color]\n开启[color=FFFFF400]VIP训练室[/color]功能\n剧情战斗中掉落[color=FFFFF400]太空币增加30%[/color]\n每日[color=FFFFF400]试炼次数[/color]增至[color=FFFFF400]30次[/color]\n每日[color=FFFFF400]行动恢复[/color]次数增至[color=FFFFF400]8次[/color]\n每日[color=FFFFF400]竞技恢复[/color]次数增至[color=FFFFF400]10次[/color]\n每日[color=FFFFF400]抢夺恢复[/color]次数增至[color=FFFFF400]10次[/color]\n可[color=FFFFF400]重置关卡[/color]挑战次数增至[color=FFFFF400]5次[/color]\n[color=FFFFF400]科技冷却时间[/color]上限增至[color=FFFFF400]600分钟[/color]\n获得购买[color=FFFFF400]VIP15礼包[/color]资格\n\nVIP15特权礼包包含以下内容\nS级角色-钢锁的塞星匙 X30\n（机器恐龙超强情感关系：攻击上升 2体8%/3体11%/4体14%/5体全20%）\nS级武器 X1\nS级技能 X1\n速度芯片S级 X1\nS级动力 X1\n太空币 X500000\n突破能量块 X10000\n行动恢复 X12"
}