{
  "battleCombiner_1_name": "蹂躪者之戰",
  "battleCombiner_1_desc": "擊敗工程金剛收集塞星匙",
  "battleCombiner_2_name": "威脅者之戰",
  "battleCombiner_2_desc": "擊敗特技金剛收集塞星匙",
  "battleCombiner_3_name": "速伯利昂之戰",
  "battleCombiner_3_desc": "擊敗航空巴特收集塞星匙",
  "battleCombiner_4_name": "布魯提卡斯之戰",
  "battleCombiner_4_desc": "擊敗戰鬥金剛收集塞星匙",
  "trial_desc": "戰鬥試煉",
  "trial_1_name": "D級試煉",
  "trial_2_name": "C級試煉",
  "trial_3_name": "B級試煉",
  "trial_4_name": "A級試煉",
  "trial_5_name": "S級試煉",
  "initHero_1_desc": "技能：對敵方前排造成傷害",
  "initHero_2_desc": "技能：恢復本小隊前排生命",
  "initHero_3_desc": "技能：對敵方後排造成傷害",
  "c_funcOpen_loginBonus": "每日登陸解鎖",
  "c_funcOpen_worldBoss": "世界BOSS解鎖",
  "c_funcOpen_friend": "盟友解鎖",
  "c_funcOpen_tech": "科技功能解鎖",
  "c_funcOpen_spark": "塞星匙解鎖",
  "c_funcOpen_battleTower": "戰鬥塔活動解鎖",
  "c_funcOpen_combiner": "組合金剛解鎖",
  "c_funcOpen_skill": "技能解鎖",
  "c_funcOpen_training": "訓練功能解鎖",
  "c_funcOpen_pvp": "競技場解鎖",
  "c_funcOpen_resource": "生產功能解鎖",
  "c_funcOpen_operator": "操作員解鎖",
  "c_funcOpen_sparkRob": "碎片搶奪解鎖",
  "c_funcOpen_league": "聯盟解鎖",
  "c_funcOpen_skillUpgrade": "技能升級解鎖",
  "c_funcOpen_sparkExchange": "塞星匙分解解鎖",
  "c_funcOpen_evolve": "角色突破解鎖",
  "c_funcOpen_sparkFuse": "塞星匙合成解鎖",
  "c_funcOpen_develop": "角色培養解鎖",
  "c_funcOpen_impart": "角色傳授解鎖",
  "c_funcOpen_chip": "晶片功能解鎖",
  "c_funcOpen_chipFuse": "晶片合成解鎖",
  "c_funcOpen_missionTrial": "試煉活動解鎖",
  "c_funcOpen_missionCombiner": "組合之戰解鎖",
  "c_funcOpen_levelUpBonus": "等級禮包解鎖",
  "c_funcOpen_heroUpdate": "進化功能解鎖",
  "monthCard_name": "超值月卡",
  "monthCard_desc": "購買月卡得A級武器和行動力恢復，更有每日120太空券和專屬特權",
  "dailyQuest_login": "登陸遊戲",
  "dailyQuest_onlineGift": "在線禮包",
  "dailyQuest_gacha": "太空橋抽卡",
  "dailyQuest_rechageEnergy": "充電床充電",
  "dailyQuest_greet": "盟友打招呼",
  "dailyQuest_speaker": "擴音器發言",
  "dailyQuest_missionnormal": "劇情戰鬥(普通)",
  "dailyQuest_missionhard": "劇情戰鬥(精英)",
  "dailyQuest_missionelite": "劇情戰鬥(英雄)",
  "dailyQuest_robSpark": "碎片搶奪",
  "dailyQuest_worldBoss": "世界BOSS討伐",
  "dailyQuest_towerFight": "戰鬥塔戰鬥",
  "dailyQuest_combinerFight": "組合之戰",
  "dailyQuest_trailFight": "試煉挑戰",
  "dailyQuest_energon": "能量塊生產",
  "dailyQuest_techUpgrade": "科技升級",
  "dailyQuest_training": "訓練",
  "dailyQuest_develop": "角色培養",
  "dailyQuest_evolve": "角色突破",
  "dailyQuest_equipUpgrade": "裝備強化",
  "dailyQuest_skillLevelUp": "技能升級",
  "dailyQuest_fuseChip": "晶片合成",
  "friendInvitation_description_1": "好友邀請獎勵\n\n受邀獎勵：\n在加入遊戲後的[color=FFFFF400]#{0}小時[/color]內填寫好友給予的邀請碼，可以領取受邀獎勵：\n",
  "friendInvitation_description_2": "\n邀請獎勵：\n將自己的邀請碼發給好友，在好友填寫邀請碼並且等級達到[color=FFFFF400]#{0}級[/color]後，即算是成功邀請了一個好友。成功邀請指定數量的好友後，可以獲得邀請獎勵：\n",
  "friendInvitation_sub_description_1": "[color=FFFFF400]#{0}x#{1}[/color]\n",
  "friendInvitation_sub_description_2": "成功邀請[color=FFFFF400]#{0}人[/color]：[color=FFFFF400]#{1}塞星匙x#{2}[/color]\n"
}