{
  "tf_11000001_name": "柯博文",
  "tf_11000002_name": "艾麗塔",
  "tf_11000005_name": "鐵皮",
  "tf_11000006_name": "克勞雅",
  "tf_11000007_name": "飛輪",
  "tf_11000008_name": "感應者",
  "tf_11000009_name": "輪傑",
  "tf_11000010_name": "鋼鎖",
  "tf_11000011_name": "咆哮",
  "tf_11000012_name": "火炭",
  "tf_11000013_name": "淤泥",
  "tf_11000014_name": "飛撲",
  "tf_11000015_name": "馬格斯",
  "tf_11000016_name": "爵士",
  "tf_11000017_name": "巡弋者",
  "tf_11000018_name": "煙幕",
  "tf_11000019_name": "藍光",
  "tf_11000020_name": "齒輪",
  "tf_11000021_name": "哈佛",
  "tf_11000022_name": "布朗",
  "tf_11000023_name": "開路先鋒",
  "tf_11000024_name": "天火",
  "tf_11000025_name": "太陽紋",
  "tf_11000026_name": "側掃",
  "tf_11000027_name": "吉斯",
  "tf_11000028_name": "紅色警戒",
  "tf_11000029_name": "地獄",
  "tf_11000030_name": "動力滑翔",
  "tf_11000031_name": "浪花",
  "tf_11000032_name": "探長",
  "tf_11000033_name": "幻影",
  "tf_11000034_name": "跳崖者",
  "tf_11000035_name": "大黃蜂",
  "tf_11000036_name": "回收",
  "tf_11000037_name": "充風",
  "tf_11000038_name": "基夫",
  "tf_11000039_name": "舉升機",
  "tf_11000040_name": "火翼星",
  "tf_11000041_name": "小宇宙",
  "tf_11000042_name": "巨浪",
  "tf_11000043_name": "犀牛",
  "tf_11000044_name": "重播",
  "tf_11000045_name": "彈出",
  "tf_11000046_name": "鋼爪",
  "tf_11000047_name": "爆破者",
  "tf_11000048_name": "曼多特",
  "tf_11000049_name": "天豹",
  "tf_11000050_name": "奧米加",
  "tf_11000051_name": "布勒",
  "tf_11000052_name": "肯普中士",
  "tf_11000053_name": "羅迪至尊",
  "tf_11000054_name": "威利",
  "tf_11000055_name": "雅希",
  "tf_11000056_name": "戰道",
  "tf_11000057_name": "路霸",
  "tf_11000058_name": "旋刃",
  "tf_11000059_name": "空襲",
  "tf_11000060_name": "彈弓",
  "tf_11000061_name": "銀閃電",
  "tf_11000062_name": "飛翔火",
  "tf_11000063_name": "俯衝",
  "tf_11000065_name": "史萊達",
  "tf_11000066_name": "喬伊馳",
  "tf_11000067_name": "格雷",
  "tf_11000068_name": "夜擊",
  "tf_11000069_name": "硬頭殼",
  "tf_11000070_name": "駭爆",
  "tf_11000071_name": "博朗思",
  "tf_11000072_name": "基層跑首",
  "tf_11000073_name": "刀鋒",
  "tf_11000074_name": "危險地帶",
  "tf_12000001_name": "密卡登",
  "tf_12000002_name": "天王星",
  "tf_12000003_name": "天彎",
  "tf_12000004_name": "裂雷",
  "tf_12000005_name": "酸風暴",
  "tf_12000006_name": "太陽風暴",
  "tf_12000007_name": "滑流",
  "tf_12000008_name": "輓歌",
  "tf_12000009_name": "突斯",
  "tf_12000010_name": "噴射器",
  "tf_12000011_name": "蝙蝠",
  "tf_12000012_name": "殘殺",
  "tf_12000013_name": "劍龍",
  "tf_12000014_name": "雷響",
  "tf_12000015_name": "疾瘋",
  "tf_12000016_name": "鋸齒鳥",
  "tf_12000017_name": "黑豹羅冰",
  "tf_12000018_name": "雷射鷹",
  "tf_12000019_name": "畢斯霸",
  "tf_12000020_name": "音波",
  "tf_12000021_name": "震波",
  "tf_12000022_name": "洪災",
  "tf_12000023_name": "阿卡維爾博士",
  "tf_12000024_name": "黑暗柯博文",
  "tf_12000025_name": "格納",
  "tf_12000026_name": "火戰",
  "tf_12000027_name": "暴龍金剛",
  "tf_12000029_name": "浪客",
  "tf_12000030_name": "遊民",
  "tf_12000031_name": "黑翼",
  "tf_12000032_name": "天煞",
  "tf_12000033_name": "硬盾",
  "tf_12000034_name": "神腿",
  "tf_12000035_name": "鍬形蟲",
  "tf_12000036_name": "毒魔",
  "tf_12000037_name": "洗劫",
  "tf_12000038_name": "屠夫",
  "tf_12000039_name": "巴瑞",
  "tf_12000040_name": "碎骨機",
  "tf_12000041_name": "攪拌器",
  "tf_12000042_name": "清道夫",
  "tf_12000043_name": "拖斗",
  "tf_12000044_name": "虎克",
  "tf_12000045_name": "廢鐵",
  "tf_12000047_name": "鐵頭",
  "tf_12000048_name": "狂虎",
  "tf_12000049_name": "飛鷹炮",
  "tf_12000050_name": "利爪",
  "tf_12000051_name": "坦創",
  "tf_12000053_name": "奔馳",
  "tf_12000054_name": "死巷",
  "tf_12000055_name": "拋錨",
  "tf_12000056_name": "狂野騎士",
  "tf_12000057_name": "馬達大師",
  "tf_12000059_name": "突擊",
  "tf_12000060_name": "火爆",
  "tf_12000061_name": "轟天雷",
  "tf_12000062_name": "旋渦",
  "tf_12000063_name": "騙子",
  "tf_12000065_name": "探子",
  "tf_12000066_name": "狂飆",
  "tf_12000067_name": "葛維沖",
  "tf_12000068_name": "怪狼",
  "tf_12000069_name": "范格力",
  "tf_12000070_name": "格羅爾",
  "tf_12000071_name": "崔瑟",
  "tf_12000072_name": "落擊",
  "tf_12000073_name": "炸彈震",
  "tf_12000074_name": "反射器",
  "tf_12000075_name": "判官",
  "tf_12000076_name": "吊索",
  "tf_13000002_name": "奧利安",
  "tf_13000003_name": "阿法特利昂",
  "tf_11000001_description": "他強大、智慧、勇敢，是博派的領袖，領導博派對抗狂派。他出色的領導能力使得博派屢次在戰鬥中反敗為勝。",
  "tf_11000002_description": "艾麗塔也是著名的博派領導人之一，可以說是柯博文的女版。她領導女性汽車人，不惜一切代價地致力於將狂派趕出塞伯坦星球為目標而戰鬥著。",
  "tf_11000005_description": "鐵皮總是為戰鬥時刻準備著，嚴肅、強硬，渴望戰鬥。他靠著對他的敵人的戰績一步步往上升遷。他擁有鐳射防禦裝甲，這使得在任何強大的敵人看來，他都是強勁的對手。",
  "tf_11000006_description": "她聽命于艾麗塔，並擔任副指揮官。當艾麗塔不在的時候負責領導團隊。",
  "tf_11000007_description": "雖然飛輪竭力避免戰爭，但這並不意味著他不懂得如何戰鬥。豐富的解剖學知識使他的攻擊往往能夠如手術刀一般致命。和他戰鬥絕對是一種恐怖的經歷。",
  "tf_11000008_description": "他是塞伯坦星有史以來最出色的科學家。許多博派認為司空見慣的技術都是他的發明成果。他的偉大發明大大推進了科技的進步，並能夠讓其他工程師和發明家繼續他的發明創造。",
  "tf_11000009_description": "他是一個發明家，會製造各種麻煩，也會解決很多問題。他進行技術革新的實驗室必須被單獨隔離，因為每天莫名其妙的爆炸頻率很高。",
  "tf_11000010_description": "很多汽車人對他的忠誠度表示懷疑。他看重權利和力量勝過智慧和同情心，簡直是狂派的作風。他更喜歡用他的能量刃來解決問題，這一點和柯博文有很大分歧。",
  "tf_11000011_description": "他總是悶悶不樂且不愛交際，對執行鋼索的命令也不太情願，並缺乏主見。他的這種沉默寡言的性格更加劇了他的孤立。",
  "tf_11000012_description": "他氣量狹小，充滿暴力，卑鄙下流，對於機器恐龍的壞名聲功不可沒。他喜歡用噴出的火焰將敵人（甚至和他不和的同伴）融化。",
  "tf_11000013_description": "他是機器恐龍中愚蠢的代名詞。喜歡用自己發達的四肢彌補頭腦上的不足，比如在戰場上跺一跺腳，讓地面抖上兩抖，以便讓其他人知道他的出場。",
  "tf_11000014_description": "雖然有點愛炫耀，但是總的來說，他在機器恐龍中是最友好的一位。不過他的恐龍形態會令敵人和同伴都感到恐懼。他是一名出色的空戰戰士，擁有強大的武器。",
  "tf_11000015_description": "狂派對他的害怕程度僅次於柯博文。喪命在他戰錘之下的狂派數量在整個銀河系中不計其數。他在戰場上從未屈服！",
  "tf_11000016_description": "他是博派執行特種任務的理想人選。由於他聰明的頭腦和天生的領導才能，經常被指派執行最危險和最敏感的任務。",
  "tf_11000017_description": "他是柯博文的左右手，出色的管理者和邏輯學家。他的職責就是組織、訓練博派戰士，隨時準備和狂派展開戰鬥。",
  "tf_11000018_description": "工作就是分散、混淆敵人的視線、散步虛假資訊，並從內部分裂敵人。他是虛假資訊散佈大師，多虧了他的破壞分裂活動，使得博派能夠屢次偷襲狂派成功。而他也對愚弄敵人感到樂此不疲。",
  "tf_11000019_description": "關於藍光似乎沒有什麼好說的，因為他從未談起過關於自己的事情。但實際上，他是一個話嘮，當自己獨處的時候，他會自言自語。在戰場上他會和敵人不停聊天。敵人有時候寧可被他的強大武器轟一炮而死，也好過被嘮叨死。",
  "tf_11000020_description": "比起地球，他更喜歡塞伯坦星。對於流落到地球上，他總是不停地抱怨，以至於成了博派中的牢騷王，讓人反而覺得有趣可笑。雖然他表現得比較消極，但是總是能夠對團隊做出積極的貢獻。",
  "tf_11000021_description": "他的朋友們都說，哈佛是通過泥濘灰暗的擋風玻璃來看待這個世界的。他是一個悲觀主義者，他悲觀厭世的情緒也體現在他的工作上，並總是抱怨這活幹不了。不過最後總是能夠出色地完成。",
  "tf_11000022_description": "他是爆破方面的專家。小小的個頭卻有驚人的力量，並經常以此來彰顯他的男子漢氣概，彌補身材上的劣勢。他喜歡挑戰，經常和比他大好幾倍的對手戰鬥。",
  "tf_11000023_description": "他詼諧幽默，愛開玩笑，是博派中的開心果。他牢不可摧的力場和鼓舞人心的勇氣彌補了他速度和效率上的不足。",
  "tf_11000024_description": "他曾經是塞伯坦星上最著名的科學家，但是突然在其聲望如日中天的時候消失了。後來他在地球的冰川中被人們發現。重獲自由的他，立刻投入到了戰鬥中，被認為是博派中最強大的戰士之一。",
  "tf_11000025_description": "他只為了自己而戰。只要他的噴漆工作不在重要關頭的話，他會義無反顧地投入戰鬥。不過他更願意回家放鬆一下，打磨打磨他的車身，而不是去和狂派幹架。",
  "tf_11000026_description": "在戰爭開始之前，他是塞伯坦星上的一名有抱負的賽車冠軍。可惜他魯莽的性格和為了勝利不擇手段的做法讓他失去了立足之地。在加入博派之後，他決定進行自我救贖。",
  "tf_11000027_description": "如果一定要說一樣吉斯熱愛的東西，那無疑就是他自己。他近乎自戀地迷上了自己的完美身體上被太陽反射出的亮晶晶的光澤。他絕對不是一個懦夫，他竭力避免戰爭的唯一原因就是為了保護自己完美的身體不受到諸如劃痕和凹陷的傷害。",
  "tf_11000028_description": "他是博派的安保人員，會在每個地方都安裝探頭和隱蔽的感測器，同時監視敵人和同伴。多虧了他這種近乎職業病似的愛好，及時發現並阻止了多次狂派的陰謀。",
  "tf_11000029_description": "搜索與營救是他的主要功能。當然，他也非常喜歡和狂派戰鬥。他喜歡用能量阻滯力場，使敵人的武器失效，或者使用化學泡沫讓敵人陷入混亂。",
  "tf_11000030_description": "他並沒有厚重的裝甲和強大的火力，但是在空戰方面，是一名值得信賴的專家級高手。他能夠使用自己出色的飛行技術來迷惑和躲避敵人。",
  "tf_11000031_description": "在任何星球上的任務時候，浪花都是一名完美的戰士。不過由於他不太適應陸地，因此在陸戰方面的表現一般。但是在水中，很上有人能和他匹敵。",
  "tf_11000032_description": "博派的首席偵探。他能夠感知到敵人留下的哪怕是最微小的電磁輻射，從而讓敵人無所遁形。",
  "tf_11000033_description": "他是博派間諜成員之一，專門從事破壞活動。他擁有特殊的電子干擾武器，能夠製造複雜的幻覺，並借此隱形。他對於同伴非常忠誠，並且是個愛開玩笑的人。",
  "tf_11000034_description": "不知道在哪兒找到跳崖者？去戰場就對了，哪裡有打仗，哪裡就少不了這個好鬥的傢伙。沒有什麼比將狂派分子揍成馬蜂窩更讓他感到快意的了。",
  "tf_11000035_description": "他是博派中最出色的間諜。他身材很小，能夠輕鬆出入敵人的陣地而不被察覺。不過可別小看了他，雖然個頭小，但是在博派中卻是最強大的戰士之一。",
  "tf_11000036_description": "他對地球上的電視感到著迷，和別人交流的時候都是引用廣告和電影中的臺詞。雖然這讓他看上去性格非常古怪，不過在戰場上的表現毫不遜色。",
  "tf_11000037_description": "雖然他的速度不是最快的，但是他有著令人難以置信的加速度，能夠在1秒內從0加速到每小時130公里！他能夠產生強大的電磁場，能夠用來發射他手臂上的加農炮。",
  "tf_11000038_description": "他是一名聞名塞伯坦星的偉大建築藝術大師。在塞伯坦星的城市中，他那直達天際的標誌性建築隨處可見。不過在他的大部分作品在戰爭中被毀壞之後，現在他只是為博派建造功能性的庇護所建築。",
  "tf_11000039_description": "他就像博派的家庭醫生。每位汽車人的例行檢查和維護都是他來做的。他樂觀友好，並熱愛著自己的工作。",
  "tf_11000040_description": "火翼星是艾麗塔團隊的女性成員之一。她和地獄以及克勞雅是好朋友。",
  "tf_11000041_description": "小宇宙孤獨地待在外太空，他會在夜間盤旋在人類的後院嚇唬他們，或是以鋸齒形在流星雨中穿梭，以此來排遣無聊。",
  "tf_11000042_description": "他對戰爭完全不感興趣。他寧願進行一場遙遠而孤獨的旅行，前往一望無際的沙漠和海岸。只有在這些地方，才能讓他感到完全逃離博派和狂派之間無休止的戰爭。",
  "tf_11000043_description": "儘管一些人相信戰鬥可以以某種友好的競賽來解決，但是他還是更相信自己無往不利的尖角能夠解決任何問題。",
  "tf_11000044_description": "重播那超憶症似的記憶力總是能夠記住任何事情。這使他成為了一名出色的間諜，儘管資料超載總是引起偏頭痛。不過還好有巨雷在，能夠用重播鍾愛的溫柔的打雷來撫慰重播的頭痛。",
  "tf_11000045_description": "彈出始終虔誠地篤信著，如果博派和狂派之間的爭端能夠通過某種和平友好的競賽來解決的話，那麼戰爭一定會結束的。",
  "tf_11000046_description": "他是高明的追蹤者，他的感測器能夠感知到800公里以外的危險。他武裝有兩把太陽能彈丸槍，他的決心就如他的利齒一樣堅忍不拔。",
  "tf_11000047_description": "他喜歡地球的音樂，特別是搖滾樂。他是一名出色的戰士，雖然有時候不太聽從命令，總是按照自己的節拍行事，不管是跟隨音樂跳舞還是和狂派掐架。",
  "tf_11000048_description": "他總是表現得非常謙虛，但實際上實力非常強大、充滿智慧和勇氣。他對博派無比忠誠，總是相信自己還能為博派奉獻更多的力量，這一點受到了同伴很高的評價。",
  "tf_11000049_description": "作為一個強大的戰士，天豹很自我為中心，又愛說大話。他無畏而又大膽，總是覺得自己比許多汽車人同胞要更為優秀。",
  "tf_11000050_description": "作為塞伯坦的守護者，奧米加傾向於回避介於博派和狂派之間的小規模衝突。但是，當他的世界的安全受到威脅時，他終於覺醒了，在他指揮下的強大軍火庫震撼著整個星球的根基。",
  "tf_11000051_description": "由於他說話行動都極為迅速，不少人會認為他很沒有耐心。不過正相反，這是他做事有決心的體現，不管是在幫助同伴還是和敵人戰鬥的時候。",
  "tf_11000052_description": "有傳言稱，肯普中士能夠免疫鐳射。甚至能夠在敵人最密集的火力網下閒庭信步而不會受到一點傷害！他手下的士兵們認為他是不是哪裡出了毛病了，不過即便如此，在任何場合，他們都很願意服從他的指揮。",
  "tf_11000053_description": "年輕勇敢，他會不顧一切地一頭紮進危險中。他崇尚英雄般的功績，希望著有朝一日，他的行為能夠得到回報。雖然他的實戰經驗不足，但是一個很有天分的戰士。",
  "tf_11000054_description": "他是一次星際移民飛船墜毀事故中唯一的倖存者。為了生存下去的堅定信念使他養成了狡猾、大膽和行事詭秘的性格。他非常厭惡狂派的人，是機器恐龍、羅迪至尊、肯普中士的堅定盟友。",
  "tf_11000055_description": "她敏捷、機智，隨時準備著進行戰鬥。也許她的力量不是最強的，但是她令人驚歎的出色格鬥技巧足以彌補任何她在火力上的不足。",
  "tf_11000056_description": "有戰鬥的地方，就一定有他的身影。他有著超強的護甲和武器，這讓他經常無視命令和戰術蠻幹。他喜歡一頭紮進戰場中戰鬥最激烈的地方，然後用他的重型武器對著敵人猛轟，直到敵人連渣都不剩下為止。",
  "tf_11000057_description": "他熱衷於去救援所有需要救助的人，在失去所有希望之前，他絕不會放棄。然而不幸的是，戰爭就不可避免地要有人犧牲，這一點對他的激情是一個承重的打擊。",
  "tf_11000058_description": "他相信，從邏輯上來說，發狂是一種極其有效的武器。他在直升飛機模式時的極高的操控性，看上去就像一個左搖右擺的，得了羊癲瘋的失控的精神病人。",
  "tf_11000059_description": "初生牛犢不怕虎的年輕戰士，有些人也許會認為他很魯莽，因為他會用腦袋撞敵人。他在生活中的唯一真正目的就是：取樂。",
  "tf_11000060_description": "他是個喜歡自吹自擂的牛皮大王。許多人認為，他那浮躁自誇、舌燥惹人嫌的性格，其實是為了掩飾他在航空巴特中最弱小所帶來的不安全感。",
  "tf_11000061_description": "他有恐高症，但絕不向此妥協。他一直努力向人們展示自己是個勇敢、有決心的戰士的一面。作為航空巴特的領導，他已經證明了自己是個非常有能力的指揮官。",
  "tf_11000062_description": "當他開始起飛的時候，博派的成員都要和他保持足夠的安全距離。他是如此地喜歡飛行，以至於有的時候他會忘了自己的身邊還有其他人在飛，從而造成碰擦事故。他在空中的熱情和無畏的精神，彌補了他的冒失。",
  "tf_11000063_description": "他是一個軍事迷，他更喜歡研究空戰歷史，而不是參與其中。他對於一切空戰知識的渴望，使他成為一名特殊的空戰戰略家。無論是在狂派還是在博派，在空戰知識方面能夠和他一較高下的人屈指可數。",
  "tf_11000065_description": "史萊達很笨手笨腳，但是挺可愛。他的可愛，是在他每次闖禍的時候，讓他的同伴能夠寬恕他的唯一方法。他總是忘記帶上炸藥，但他總能夠在戰鬥中憑藉純粹的運氣完成任務，這就是所謂的傻人有傻福。",
  "tf_11000066_description": "他是一名改過自新的偷車賊，現在是一名出色的機械師。同時他也是一名瘋狂的賽車手，喜歡在公路上不計後果地飆車尋找刺激，為了尋找刺激而戰鬥。而這一點也惹惱了一些循規蹈矩的博派同伴。他裝有鈦合金的輪子，抓地力很強，能夠在道路上實施精准的操控。",
  "tf_11000067_description": "他是首屈一指的逃脫大師，即便在最極端的情況下，他都能夠保持冷靜的頭腦和強大的邏輯思維。在逃脫方面，他簡直就是傳說般的存在。而這一切都始于在塞伯坦星球上一些極其危險的戰鬥。",
  "tf_11000068_description": "儘管他是循規蹈矩的嚴肅派，但有時候為了得到想要的東西，也會不擇手段。他喜歡單獨工作，這時候他的效率最高。不管是行駛在鄉間的黑暗小道，還是寬敞明亮的六道高速公路，對他來說都是一樣舒服的。他遇事能夠用邏輯思維冷靜地處理。",
  "tf_11000069_description": "他是一名純粹的軍人，將一切都奉獻給了戰鬥，這也使得他的性格讓人覺得非常死板。他極少徵求別人的意見，和戰鬥無關的事情也幾乎從不參與。很多人都覺得他不通世故，但是在戰場上，他絕對是博派值得信賴的力量。",
  "tf_11000070_description": "他總是會拋出一連串艱深難懂的詞彙，以顯示他在語言學方面的天賦，這點會令他的同伴感到頭疼。他總是會對某件事情想得太多，但最後往往證明他是對的，只要這些事情是設計到戰略方面。",
  "tf_11000071_description": "博朗思對自己的智慧自視甚高，並以高智商在博派中廣為人知。。他是一名非常瘋狂的科學家，總是不考慮安全和後果地做一些非常危險的實驗。因此他的博派同夥可不願意去測試那些他發明的新武器或裝置。",
  "tf_11000072_description": "沒有任何事情能夠逃脫基層跑首的注意。他對於適應所處的環境有著驚人的適應能力。他聰明有決斷力，沒有什麼事情能夠阻止他尋找獵物……除非他沒有能量了。",
  "tf_11000073_description": "他是一名街頭戰士，比起飛行來，他更喜歡用他的旋轉刀鋒來和狂派戰鬥，認為遠端的空襲是卑鄙和怯弱的表現。",
  "tf_11000074_description": "只要有任務的地方，就有他的身影。他擁有不凡的魅力和振奮人心的行動力，以至於其他保衛巴特很難跟上他永不停歇的腳步。他相信在一生中，要時刻保持火力全開的狀態。",
  "tf_12000001_description": "他最初的身份是一名在地下礦場打黑拳的角鬥士。在那兒，他學到了弱肉強食的殘酷規則，從那一刻起，他下定決心要成為最強者！",
  "tf_12000002_description": "天王星曾作為保衛塞伯坦星球的戰士光榮地戰鬥過。不過長期在軌道平臺上的隔離生活使得他變得貪婪和野心勃勃。至於加入狂派能夠領導一支軍隊，這何樂而不為呢。",
  "tf_12000003_description": "他儘管沒有聰明的頭腦，但是卻掌握著一項強大的技術：心靈傳動。他在戰鬥方面實力較弱，更喜歡用他特有的能力來捉弄敵人甚至同伴。至少有些時候，對調劑團隊中的氣氛起到了一定作用。",
  "tf_12000004_description": "他是使用聲音方面的專家。他的音爆甚至在數千里之外也能感覺到，任何聽到它的人都會感到無比恐懼和不安。",
  "tf_12000005_description": "狂派空軍的一員，以“人工降雨”而著稱。他非常聰明、熱情，願為了狂派而奉獻所有。他有編集整理大量資料的能力，這種能力使他成為了一名雄辯家。",
  "tf_12000006_description": "如果鮮豔的色彩是大自然向人們警告“請勿碰觸”的方式，那麼大自然比起太陽風暴可差遠了。如果你靠他過近，你的電路將會短路，鋼結構會熔化，然後立刻死亡。",
  "tf_12000007_description": "她是女版天王星，來自於天王星的克隆體。非常具有戰略頭腦，但是說話比較刻薄，是個急性子。和所有的克隆體一樣，她的性格體現了天王星性格的一個方面。",
  "tf_12000008_description": "他使用一種共振頻率來對付所有的生物，並已經使用了好幾個世紀了。產生這種共振頻率的方法是使用他的引擎和聲音感測器。他所到之處，無不令人聞風喪膽。",
  "tf_12000009_description": "在戰爭開始的早期，在狂派取得大量勝利後，他一度風光無限。但是後來，在博派形成氣候並開始反擊後，他只要一感覺到危險就會第一個溜之大吉。",
  "tf_12000010_description": "儘管他擁有衝擊導彈和氬雷射器這樣強大的武器，但是他更願略過這些花哨的手段，用身體撞碎擋在他面前的任何物體。有時候他的同伴也會不幸受到牽連。",
  "tf_12000011_description": "他是最不依賴于雇主音波的機器人。他的大多數時間都是獨自度過的，設計複雜的金融方案來削弱博派的網路。",
  "tf_12000012_description": "從他的名字中我們就可以看出他的性格。有時候這種性格對他是有利的，比如他那永無止境的長篇大論能夠在戰場上使敵人分心。但有時候，他的狂妄自大只會給自己帶來麻煩。",
  "tf_12000013_description": "他腦瓜不太好使，或者乾脆點說，他就是個十足的傻瓜蛋。而且他的脾氣非常暴躁，稍有膽敢忤逆他的人，他就會暴跳如雷，變得具有破壞性。",
  "tf_12000014_description": "沒有什麼比製造混亂和搞破壞讓他更享受的事情了。他強大無比的打樁機敲擊地面發出的震波能夠震飛汽車人，摧毀建築物並使大地龜裂。",
  "tf_12000015_description": "他是一名狂熱的進攻崇尚者，在身上有一面能產生音波攻擊的鼓，能夠完全破壞敵人身體裡的電流。在戰場上是一個非常讓人頭疼的對手。",
  "tf_12000016_description": "他是一名藝術家，而搞藝術的物件就是他的受害者。他會用自認為精准無比的方式摧毀敵人。不過他是個自私的傢伙，如果他的創作被別人打斷的話，會非常生氣。",
  "tf_12000017_description": "音波最信任的間諜之一，對狂派忠貞不二。他會將自己躲藏在影子裡，等待發動攻擊的最佳時機，能夠在他的偷襲下倖免的人鳳毛麟角。",
  "tf_12000018_description": "他擅長間諜和暗殺，經常躲在難以察覺的角落中，將偵查到的情報傳達給長官。同時也擔當拷問俘虜的角色，用他的致命鐳射迫使囚犯招供。",
  "tf_12000019_description": "他外表看上去就像猩猩，並且好奇心旺盛，使他總是嘰嘰喳喳問個不停。不過不幸的是，他的這種好奇心包含在他的急躁和火爆的脾氣中。",
  "tf_12000020_description": "他的身上充滿了電子通訊設備，能夠探測到哪怕是最微小的傳動、破譯最艱深的量子密碼、並能夠釋放最強大的干擾信號。可以說他是狂派中作用最大的一員。",
  "tf_12000021_description": "他看上去對狂派忠貞不二，但實際上他只相信一件事情，那就是邏輯。他是高明的戰略家和邏輯學家，並在一刻不停地計算著，隨時準備用他威力強大的鐳射加農炮給予目標精確打擊。",
  "tf_12000022_description": "洪災是一個徹徹底底的瘋狂科學家——他具備這樣一個角色所需要的智力，能力，以及自我墮落。",
  "tf_12000023_description": "他自稱邪惡天才，經常和狂派為伍。他喜歡所有瘋狂的科學家，擁有一整套能夠統治地球的設計，當然其成功率幾乎沒有。",
  "tf_12000024_description": "經過了許多年，通過偷來的技術，阿卡維爾博士建造了終極軍事指揮官，黑暗柯博文。他可以看成柯博文的黑暗面，有著難以置信的強大力量，只對他選擇的人效忠。",
  "tf_12000025_description": "他在鯊魚精中特別貪吃和無畏，似乎只對最後一次喂他的人效忠。他在戰場上的大膽冒失，只有他的食欲能夠和其相提並論。",
  "tf_12000026_description": "她為了和博派的雅希決戰已經準備了好幾年的時間。研究了對手的每一個動作，設計了一套作戰方案。現在她在等待，她的武器已經準備好了，就等粗心的汽車人掉入她的陷阱。",
  "tf_12000027_description": "體型巨大、力大無窮，一個無法阻擋的毀滅者。他不太喜歡他的同伴，並極其痛恨博派。他能變形為一座巨大的炮臺，足以毀滅敵人的軍隊。",
  "tf_12000029_description": "他的腦子裡除了破壞還是破壞，這往往會妨礙他執行手頭的任務。作為一個戰場衝鋒者，他能夠快速沖入戰場，極其迅速地完成變形。不過他會時不時地停下來欣賞一場壯觀的爆炸。",
  "tf_12000030_description": "他著迷於用一切手段破壞從扭曲的金屬到碎掉的玻璃的一切物品。作為戰場衝鋒者，他能夠快速沖入任何一個戰場，並造成巨大的破壞。他通過迅速的變形造成大屠殺，極少給對手反應的機會。",
  "tf_12000031_description": "他和他的摯友搭檔天煞一樣，看待任何事情都非常悲觀。他認為一切事物都是毫無意義、沒有希望的。這不可避免地導致了痛苦永無止境的人生。他確信，其他人總是比自己做得更糟。",
  "tf_12000032_description": "他看待任何事物都是消極、陰暗的。他做事的方式，似乎總是當他最好的朋友像空氣一樣不存在似的。他猶如暴風雨般不詳、如同寒冬一樣冰冷。在噴氣式飛機形態的時候，他也在有意無意地傳達著這種悲觀的情緒。",
  "tf_12000033_description": "心靈控制的專家，能夠操控其他人的大腦，並對這項能力感到樂此不疲。他有時候也會惡搞，控制別人做出丟臉和具有破壞性的舉動，這讓他的同伴感到頗為頭疼。",
  "tf_12000034_description": "狂派中的領導者，擁有自己的軍隊，相對於其他聽命於密卡登的人來說，他顯得更加獨立。他用這種特權來聚集自己的“好友”，不過這些人後來都被迫成為了他的奴僕。",
  "tf_12000035_description": "他古怪的說話方式是他扭曲、倔強性格的體現。他是控制電力的大師，他非常樂於看到敵人在他的獨特技能下抽搐、蠕動。",
  "tf_12000036_description": "機器昆蟲的正式領導人，但是他總是懷疑別人窺視自己領導人的位置，從不信任任何人，喜歡用心理戰來鞏固自己的地位。",
  "tf_12000037_description": "簡單粗暴的戰士，喜歡戰鬥和破壞。這點得到了其他狂派成員的讚揚。在戰鬥的時候他會頭腦發熱，有時候會不顧自己的攻擊可能對同伴也造成傷害！",
  "tf_12000038_description": "他有偷東西的習慣，只要是任何沒有被牢牢焊接住或釘死的物體，都會成為他順手牽羊的物件。他的同伴有時也會成為他盜竊癖的受害者。可以說他是偷竊方面的專家。",
  "tf_12000039_description": "他相信，勝利是不夠的，一切都必須被夷為平地，然後，碎石要被燒成會撒向風中。他殘忍、毫無同情心，任何給予敵人希望的行為都是他不能接受的。",
  "tf_12000040_description": "他是破壞方面的藝術家，狼藉的戰場就是他的畫布。他是一個完美主義者，對博派極其厭惡，認為他們是有缺陷的。當他創造他的“作品”的時候，所散佈的混亂和恐懼得到同伴的高度讚揚。",
  "tf_12000041_description": "任何物體都能成為他的熔煉材料。他熔煉東西的本領與其說是科學，似乎更像是煉金術，從而被其他狂派成員質疑，不過對於他的努力成果還是非常肯定的。",
  "tf_12000042_description": "他總是狂熱地試圖在垃圾堆中找到有價值的東西從而向同伴證明自己的價值。但更多的時候帶回來的卻是一文不值的垃圾。偶爾，他的能力也能在狂派中發揮至關重要的作用。",
  "tf_12000043_description": "他總是在狂派的幕後默默工作，運送補給和建造設備來支援在前線戰鬥的同伴。雖然他也很想上戰場和同伴並肩作戰，但是他也知道自己現在的工作也是同樣重要的。",
  "tf_12000044_description": "組成工程金剛的一員，總是認為自己是一名藝術家，事實上他確實是一名出色的工匠，同時也是個完美主義者，看不起其他的狂派成員。",
  "tf_12000045_description": "廢鐵是工程金剛的工程師，其他工程金剛成員只是將他們的傑作給拼在一起，至於設計的工作，就全都落在廢鐵的頭上。",
  "tf_12000047_description": "他也許不是最強大和最聰明的，但是他總是握著他的光劍時刻準備著投入戰鬥。遠距離的敵人可要小心他的發光的等離子球體，這種類似手榴彈的東西一扔出來就會爆炸。",
  "tf_12000048_description": "他脾氣暴躁、精力無窮，他總是會沒有任何徵兆地陷入暴走狀態，摧毀他身邊的一切物體。這時候只有一樣東西能夠讓他冷靜下來，那就是愚蠢的肥皂劇電視節目。",
  "tf_12000049_description": "他無論什麼時候都是一臉高興的樣子，總是能夠保持愉快的心情。沒有什麼比在戰場上空飛行，攻擊下面無數目標讓他感到更快樂的事情了。不過他卻不喜歡和他的同伴一起組成掠食王，而喜歡單獨行動。",
  "tf_12000050_description": "當掠食金剛在狩獵的時候，他的頭領就是利爪。他喜歡守株待兔，會為了等待自投羅網的獵物而長時間完全靜止不動。愚蠢的人會認為他無精打采，不足為慮，不過他們大多成為了他的盤中餐。",
  "tf_12000051_description": "坦創喜歡用暴力來說話。喜歡破壞高架橋和小建築物來發洩情緒。在破壞之後他的心情就會變得不錯。",
  "tf_12000053_description": "他卑鄙無恥下流，並且不以為恥反以為榮。他討厭失敗，寧可被消滅。而對於密卡登來說，他寧可把他融化而不願與他交談，不過對於博派來說，他是個更糟糕的搭檔。在汽車模式時，他裝備有一支等離子能量炮。",
  "tf_12000054_description": "他性格陰沉、相信宿命論，幾乎找不出什麼理由和博派一起把戰鬥繼續下去。激勵他去戰鬥一直是一個問題。他徒勞地花了大部分時間讓自己閃亮發光。在汽車模式時，時速達到220公里。在機器人模式時，擁有壓縮空氣槍，能將每平方英寸40,000的空氣噴射出去。",
  "tf_12000055_description": "他認為每個人都在盯著自己看，甚至是地球上的汽車和尾燈。他這種神經質的敏感多少妨礙了他的表現。他對擁擠的交通抱怨不已，在汽車模式時，引擎會發出震動，使得其他車輛產生機械故障。在機器人模式時，他擁有一把衝擊槍。",
  "tf_12000056_description": "他對於自己造成的事故感到幸災樂禍，狂笑不止。有些人會認為這是他假裝如此，但瞭解他的人都知道，他確實就是那麼沒心沒肺。在汽車模式下，他的時速能夠達到250公里，並操控自如。在機器人模式下，他的散彈槍能夠大範圍地發射出鐳射光線。",
  "tf_12000057_description": "他是特技金剛的領袖，但是他讓人更多的是感到恐懼而不是尊敬。他自稱是\\公路之王\\並渴望用破壞來向他的狂派弟兄們證明自己的實力。當他變成大卡車的時候，會發出轟隆隆的巨響。",
  "tf_12000059_description": "他相信精准和計畫是成功的關鍵，所以會花費數小時的時間來制定詳細周密的作戰計畫，還會考慮到突發事件。但是計畫往往趕不上變化。",
  "tf_12000060_description": "他對任何不能靠自己的力量達到軌道的人表示蔑視。他擁有可怕的X射線武器，能夠在數百公里以外摧毀目標，也能夠和他的同伴一起組成新的機器人，布魯提卡斯。",
  "tf_12000061_description": "布魯提卡斯他非常暴躁、易怒，並進行過數不清的破壞活動。而作為組成部分之一的轟天雷，對這種性格作出的貢獻是不可磨滅的。這種性格釋放在戰場上的時候，就是一場災難。",
  "tf_12000062_description": "許多汽車人害怕成為他的俘虜。他會用磁力抓鬥將無助的俘虜在空中高高地吊起，並在進行慘無人道的虐待後將他們處決。",
  "tf_12000063_description": "他是武器方面的專家，甚至在將武器以最高的價格出售給他人方面也有著天賦異稟的能力。他是一名機會主義者，會利用一切機會來牟利！",
  "tf_12000065_description": "對於他強大力量的來源，人們知之甚少。因為凡是遇到過他的人都沒有活下來的。他很少說話，從未透露過自己的秘密。他喜歡從空中突擊他的目標。",
  "tf_12000066_description": "他會不惜一切代價摧毀汽車人，在整個宇宙中尋找獵物，從不停息，直到所有汽車人都消失。",
  "tf_12000067_description": "他自負、強大、冷血，已經開始展現出對於一盤散沙的狂派的控制力。他組建了一支足以威脅到整個宇宙的軍隊。狂派成員都對他非常害怕，幾乎沒有人敢挑戰他的權威。",
  "tf_12000068_description": "怪狼，人如其名。他有事總是不斷著自言自語地說著讓人難以理解的話。許多他的狂派同伴認為他實在是太怪異了，但是他的願望就是成為一名優秀的戰士，並樂於服從命令。",
  "tf_12000069_description": "他脾氣暴躁，行為難以預測。想要讓他服從命令是非常困難的，因為誰都不知道他會在哪一刻爆發。他的變形形態也是他喜怒無常的寫照。",
  "tf_12000070_description": "他是一名殘暴成性的惡霸，對於破壞的渴望倒是非常適合武裝隊。他非常樂意遵照命令列事，只要這命令是和破壞相關。",
  "tf_12000071_description": "他是武裝隊中不可分割的一部分，總是身先士卒地去偵查敵人，消弱敵人的實力。",
  "tf_12000072_description": "他不會覺得疼痛並從不放棄堅持到底。他不會再戰鬥和破壞東西的時候去度假，並認為破壞是一件有趣和愉悅的事情。",
  "tf_12000073_description": "他參加過賽博坦星球最大規模、最糟糕的內戰，是武裝隊的好領袖，並且似乎對他的三名隊友總是陰奉陽違毫不介意。",
  "tf_12000074_description": "他是觀察狂，無論是自然景觀、野生動物還是建築物都是他極好的觀察對象。當然他更喜歡觀察他的同伴，並偷取他們的小秘密，並從中獲得利益。",
  "tf_12000075_description": "他的特點和他的名字一樣名副其實。由於他的靈巧的尺寸，他總是能夠一馬當先在前探路，先於其他路面狂派成員之前，滲透任務。他是一名冷酷的完美主義者，任何敢於違背他的人，都會被他加入黑名單。",
  "tf_12000076_description": "所有人都對進入戰場的吊索避之不及。不論是博派還是狂派，都對他在戰場上的表現相當警惕，因為沒人知道他會打中誰。",
  "combiner_name_52001": "戰鬥金剛",
  "combiner_name_52002": "工程金剛",
  "combiner_name_52003": "掠食金剛",
  "combiner_name_52004": "特技金剛",
  "combiner_name_52005": "航空巴特",
  "combiner_name_52006": "保衛巴特",
  "combiner_cmb_name_52001": "布魯提卡斯",
  "combiner_cmb_name_52002": "蹂躪者",
  "combiner_cmb_name_52003": "掠食王",
  "combiner_cmb_name_52004": "威脅者",
  "combiner_cmb_name_52005": "速伯利昂",
  "combiner_cmb_name_52006": "保衛者",
  "combiner_desc_52001": "由戰鬥金剛的五個成員組合而成的布魯提卡斯擁有絕對的戰鬥實力，他能高效地完成首領的命令，讓死亡的陰影籠罩整個戰場。密卡登恨不得有一個布魯提卡斯軍隊，柯博文深深慶倖，這還好只是個妄想。",
  "combiner_desc_52002": "六個工程金剛戰士組合成的蹂躪者是一個非常強大的戰士，但他面臨著一個問題，組成他的六個成員的意見經常難以達成一致，使他行動遲緩。密卡登對此倒沒什麼意見，因為這反而導致了他在戰鬥中具備了充滿憤怒和破壞性的力量。",
  "combiner_desc_52003": "掠食王融合了他的五個組合體對狩獵的狂熱愛好，成為了狂派有史以來最危險和致命的武器。他武藝高強，精神敏銳，有著野獸一般的直覺，幾乎依靠本能攻擊敵人，這甚至讓他的狂派同伴都擔心起自己的安危。",
  "combiner_desc_52004": "威脅者本是狂派的終極武器，但設計中的致命缺陷拖累了他。馬達大師對其他四名威脅者成員深重的怨恨，加上態度的極端差異，使得威脅者變得混亂暴躁，甚至會將暴力傾灑到他身邊能接觸到的一切。",
  "combiner_desc_52005": "儘管是由五個性格不一的航空巴特戰士組合而成，速伯利昂仍能很好地壓制大家紛雜的想法，將所有人的戰鬥目的統一為“消滅狂派”。這讓他成為了一個強有力的戰士，但其他汽車人有時會因為他的冷酷孤獨對他敬而遠之。",
  "relation_51001_name": "搖滾狂潮",
  "relation_51002_name": "磁帶部隊",
  "relation_51003_name": "科學之友",
  "relation_51004_name": "能量戰士",
  "relation_51005_name": "頭領戰士",
  "relation_51006_name": "不打不相識",
  "relation_51007_name": "傳承",
  "relation_51008_name": "傳承",
  "relation_51009_name": "創造者",
  "relation_51010_name": "創造者",
  "relation_51011_name": "達特森",
  "relation_51012_name": "電視迷",
  "relation_51013_name": "多動症",
  "relation_51014_name": "法外之徒",
  "relation_51015_name": "航空巴特組合",
  "relation_51016_name": "特技金剛組合",
  "relation_51017_name": "孤獨星球",
  "relation_51018_name": "孤芳自賞",
  "relation_51019_name": "紅顏知己",
  "relation_51020_name": "紅顏知己",
  "relation_51021_name": "恐怖金剛",
  "relation_51022_name": "機器恐龍",
  "relation_51023_name": "機器昆蟲",
  "relation_51024_name": "保衛巴特組合",
  "relation_51026_name": "基地城市",
  "relation_51027_name": "急先鋒",
  "relation_51028_name": "建築師",
  "relation_51029_name": "警戒與營救",
  "relation_51030_name": "舊時光",
  "relation_51031_name": "掠食金剛組合",
  "relation_51032_name": "抗擊專家",
  "relation_51033_name": "科學之友",
  "relation_51034_name": "恐高症",
  "relation_51035_name": "磁帶部隊",
  "relation_51036_name": "科學之友",
  "relation_51037_name": "頭領戰士",
  "relation_51038_name": "微型戰士",
  "relation_51039_name": "理性與感性",
  "relation_51040_name": "流氓小隊",
  "relation_51041_name": "恐怖金剛組合",
  "relation_51042_name": "冒險家",
  "relation_51043_name": "謀逆之心",
  "relation_51044_name": "女性殺手",
  "relation_51045_name": "偶像之光",
  "relation_51046_name": "你是個好人",
  "relation_51047_name": "金童玉女",
  "relation_51048_name": "三尖頭小隊",
  "relation_51049_name": "科技巴特組合",
  "relation_51050_name": "雙胞胎",
  "relation_51051_name": "思鄉病",
  "relation_51052_name": "四驅越野",
  "relation_51053_name": "特工007",
  "relation_51054_name": "工程金剛組合",
  "relation_51055_name": "小型車戰士",
  "relation_51056_name": "兄弟",
  "relation_51057_name": "立體聲",
  "relation_51058_name": "大力士",
  "relation_51059_name": "飛機戰車",
  "relation_51060_name": "宿敵",
  "relation_51061_name": "更高更快",
  "relation_51062_name": "愛美之心",
  "relation_51063_name": "矛與盾",
  "relation_51064_name": "一代首領",
  "relation_51065_name": "厭戰分子",
  "relation_51066_name": "遊擊隊",
  "relation_51067_name": "友情萬歲",
  "relation_51068_name": "友情萬歲",
  "relation_51069_name": "戰鬥金剛組合",
  "relation_51070_name": "最諂媚的狂派",
  "relation_51071_name": "影像派",
  "relation_51072_name": "左膀右臂",
  "relation_51073_name": "紅色三倍速",
  "relation_51074_name": "霹靂遊俠",
  "relation_51075_name": "陰魂不散",
  "relation_51076_name": "繼承者",
  "relation_51077_name": "二代首領",
  "relation_51078_name": "飛躍巔峰",
  "relation_51079_name": "誓死效忠",
  "relation_51080_name": "電光火石",
  "relation_51081_name": "摩托戰士",
  "relation_51082_name": "英雄惜英雄",
  "relation_51083_name": "銅牆鐵壁",
  "relation_51084_name": "進化",
  "relation_51085_name": "流浪者",
  "relation_51086_name": "角鬥士"
}