{
  "item_211001_name": "究級氫彈發射器",
  "item_211002_name": "正電子肩炮",
  "item_211003_name": "雙持正電子步槍",
  "item_211004_name": "正電子狙擊步槍",
  "item_211005_name": "電磁軌道炮",
  "item_211006_name": "熱核中子炮",
  "item_211007_name": "聚變聚能炮",
  "item_211008_name": "十二聯光子炮",
  "item_211009_name": "螺旋質子步槍",
  "item_211010_name": "磁暴導彈",
  "item_211101_name": "脈衝光柵槍",
  "item_211102_name": "多聯裝光線炮",
  "item_211103_name": "光子脈衝手槍",
  "item_211104_name": "電磁擾頻槍",
  "item_211105_name": "中微子來福槍",
  "item_211106_name": "伽馬射線槍",
  "item_211107_name": "高聚能光子炮",
  "item_211108_name": "三聯脈衝肩炮",
  "item_211109_name": "三聯鐳射炮臺",
  "item_211110_name": "穿甲榴彈炮",
  "item_211201_name": "鐳射來福槍",
  "item_211202_name": "鐳射射頻步槍",
  "item_211203_name": "氖射線肩炮",
  "item_211204_name": "高頻鐳射步槍",
  "item_211205_name": "霰彈炮",
  "item_211206_name": "合金衝擊鑽",
  "item_211207_name": "光弦長弓",
  "item_211208_name": "磁力鉗",
  "item_211209_name": "等離子場劍",
  "item_211210_name": "單分子震動刀",
  "item_211301_name": "火神機頭炮",
  "item_211302_name": "鐳射肩炮",
  "item_211303_name": "火焰噴射器",
  "item_211304_name": "粒子炮",
  "item_211305_name": "三聯鐳射槍",
  "item_211306_name": "鐳射榴彈炮",
  "item_211307_name": "鐳射手槍",
  "item_211308_name": "雙聯榴彈炮",
  "item_211309_name": "光焰闊劍",
  "item_211310_name": "疾風雙刃",
  "item_211401_name": "火箭炮",
  "item_211402_name": "狙擊步槍",
  "item_211403_name": "加特林機槍",
  "item_211404_name": "手槍",
  "item_211405_name": "能量鐵錘",
  "item_211406_name": "長劍",
  "item_211407_name": "能量鋸",
  "item_211408_name": "斧子",
  "item_211409_name": "狼牙棒",
  "item_211410_name": "匕首",
  "item_212001_name": "究級塞星守護者",
  "item_212002_name": "輪刺盾",
  "item_212003_name": "極化偏轉盾牌",
  "item_212004_name": "電子擾亂器",
  "item_212005_name": "領袖之盾",
  "item_212006_name": "領主之證",
  "item_212007_name": "和平製造者",
  "item_212008_name": "不破之盾",
  "item_212009_name": "鈦師傅的遺產",
  "item_212010_name": "地球防衛者",
  "item_212101_name": "三角齒輪改",
  "item_212102_name": "三角齒輪",
  "item_212103_name": "磁場旋轉盾",
  "item_212104_name": "熱風旋轉盾",
  "item_212105_name": "鎢鋼裝甲",
  "item_212106_name": "等離子護盾",
  "item_212107_name": "碳化晶體護盾",
  "item_212108_name": "RB-08防爆護盾",
  "item_212109_name": "神秘護盾",
  "item_212110_name": "碳素裝甲",
  "item_212201_name": "鈦合金裝甲",
  "item_212202_name": "永磁體裝甲",
  "item_212203_name": "加林特盾",
  "item_212204_name": "加林特盾MK2",
  "item_212205_name": "沉默衛士",
  "item_212206_name": "聚合盾牌",
  "item_212207_name": "機械盾牌",
  "item_212208_name": "防爆大盾",
  "item_212209_name": "導彈防禦裝置",
  "item_212210_name": "防禦力場",
  "item_212301_name": "旋轉盾牌改",
  "item_212302_name": "旋轉盾牌",
  "item_212303_name": "全反射護盾",
  "item_212304_name": "輻射吸收盾",
  "item_212305_name": "冰冷的記憶",
  "item_212306_name": "黃金護盾",
  "item_212307_name": "PX009護甲",
  "item_212308_name": "微波護盾",
  "item_212309_name": "反應裝甲",
  "item_212310_name": "極光壁壘",
  "item_212401_name": "耐高溫護甲",
  "item_212402_name": "堅韌壁壘",
  "item_212403_name": "暗黑之盾",
  "item_212404_name": "石墨纖維盾",
  "item_212405_name": "銀色護盾",
  "item_212406_name": "鋼鐵屏障",
  "item_212407_name": "藍寶石防衛者",
  "item_212408_name": "電磁防護裝置",
  "item_212409_name": "納米纖維裝甲",
  "item_212410_name": "正義屏障",
  "item_213001_name": "究級離子噴射器",
  "item_213002_name": "背部飛行器",
  "item_213003_name": "滑翔之翼",
  "item_213004_name": "噴氣式飛空板",
  "item_213005_name": "渦輪推進器",
  "item_213006_name": "渦輪增壓噴射器",
  "item_213007_name": "立體式噴射器",
  "item_213008_name": "高機動飛空板",
  "item_213009_name": "武裝型飛空板",
  "item_213010_name": "離合式飛行器",
  "item_213101_name": "衝壓發動機",
  "item_213102_name": "高速滑輪",
  "item_213103_name": "滑翔式飛空板",
  "item_213104_name": "虛空折越裝置",
  "item_213105_name": "腰部噴射裝置",
  "item_213106_name": "錐形粒子推進器",
  "item_213107_name": "飛鳥型推進器",
  "item_213108_name": "可擕式飛行器",
  "item_213109_name": "雙渦輪飛空踏板",
  "item_213110_name": "粒子噴射飛行器",
  "item_213201_name": "裁決之翼",
  "item_213202_name": "氮氣噴射裝置",
  "item_213203_name": "背部噴氣裝置",
  "item_213204_name": "搭載式飛行器",
  "item_213205_name": "雙爐式飛行器",
  "item_213206_name": "自由之翼",
  "item_213207_name": "GX01噴射器",
  "item_213208_name": "GX01噴射器改",
  "item_213209_name": "虛空推進器",
  "item_213210_name": "空中之舞",
  "item_213301_name": "颶風之速",
  "item_213302_name": "光能推進器",
  "item_213303_name": "粒子噴射裝置",
  "item_213304_name": "核能飛行器",
  "item_213305_name": "光速遷躍飛行器",
  "item_213306_name": "反物質推進器",
  "item_213307_name": "粒子噴射器",
  "item_213308_name": "鐳射飛行器",
  "item_213309_name": "急速飛行踏板",
  "item_213310_name": "炮裝式飛行器",
  "item_213401_name": "極光踏板",
  "item_213402_name": "粒子噴射裝置",
  "item_213403_name": "強力彈射裝置",
  "item_213404_name": "音速遷越裝置",
  "item_213405_name": "光速之輪",
  "item_213406_name": "反重力推進器",
  "item_213407_name": "超動力推進器",
  "item_213408_name": "絕影",
  "item_213409_name": "閃電",
  "item_213410_name": "迅雷",
  "item_211501_name": "龍之怒吼",
  "item_211502_name": "導演的鐳射刃",
  "item_211503_name": "破天之力",
  "item_211504_name": "黑死病的殺豬刀",
  "item_211505_name": "黃蜂刺",
  "item_211506_name": "天蠍聚",
  "item_211507_name": "鯤神炮",
  "item_211508_name": "幻影鐳射劍",
  "item_211509_name": "豌豆槍",
  "item_211510_name": "九幽 ",
  "item_211511_name": "究級暗影絕情炮",
  "item_211512_name": "環少的燒火棍",
  "item_211513_name": "雷神之錘",
  "item_211514_name": "天賜神器",
  "item_211515_name": "雷神之錘",
  "item_211516_name": "雙節棍",
  "item_211517_name": "軒轅聖劍",
  "item_211518_name": "擎天",
  "item_211519_name": "阿道夫的利刃",
  "item_211520_name": "颶風",
  "item_213501_name": "龍之天翔",
  "item_213502_name": "導演的火箭靴",
  "item_213503_name": "破天之速",
  "item_213504_name": "黑死病的小跑鞋",
  "item_213505_name": "黃蜂翼",
  "item_213506_name": "天蠍光",
  "item_213507_name": "鯤鵬展翅",
  "item_213508_name": "竹蜻蜓",
  "item_213509_name": "豌豆鞋",
  "item_213510_name": "雲霄羽",
  "item_213511_name": "究級暗影無情翼",
  "item_213512_name": "環少的蹺蹺板",
  "item_213513_name": "伊謝爾倫",
  "item_213514_name": "天賜動力",
  "item_213515_name": "衝壓機",
  "item_213516_name": "布鞋",
  "item_213517_name": "筋斗雲",
  "item_213518_name": "信念",
  "item_213519_name": "阿道夫的飛行器",
  "item_213520_name": "閃電",
  "item_212501_name": "龍之守護",
  "item_212502_name": "究級暗影溫情盾",
  "item_221003_name": "火球彈",
  "item_221004_name": "乾冰打擊",
  "item_221005_name": "能量光束",
  "item_221006_name": "重拳打擊",
  "item_221011_name": "電能衝擊波",
  "item_221012_name": "鹽酸爆彈",
  "item_221013_name": "火焰掃射",
  "item_221021_name": "暗殺",
  "item_221022_name": "精確狙擊",
  "item_221023_name": "戰斧式導彈",
  "item_221024_name": "脈衝光束",
  "item_221031_name": "組合拳",
  "item_221032_name": "致盲光線",
  "item_221033_name": "火箭彈",
  "item_221034_name": "能量脈衝",
  "item_221041_name": "遠程打擊",
  "item_221042_name": "電磁脈衝彈",
  "item_221043_name": "冷凍波",
  "item_221044_name": "高能粒子彈",
  "item_221051_name": "熱力鐳射",
  "item_221052_name": "電弧直擊",
  "item_221053_name": "反物質衝擊",
  "item_221054_name": "碎地擊",
  "item_221061_name": "火之舞",
  "item_221062_name": "雷霆一擊",
  "item_221063_name": "急凍光束",
  "item_221064_name": "聲波炸彈",
  "item_221071_name": "音速轟炸",
  "item_221072_name": "棱鏡折射",
  "item_221073_name": "電磁風暴",
  "item_221074_name": "乙炔火焰",
  "item_221081_name": "巨人之怒",
  "item_221082_name": "正電子射線",
  "item_221083_name": "可擕式核彈",
  "item_221084_name": "絕對零度",
  "item_221101_name": "戰場救護",
  "item_221102_name": "應急處理",
  "item_221103_name": "全體休整",
  "item_221111_name": "電磁干擾",
  "item_221112_name": "步履蹣跚",
  "item_221113_name": "低溫領域",
  "item_221121_name": "音波衝擊",
  "item_221122_name": "暴露弱點",
  "item_221123_name": "酸雨污染",
  "item_221124_name": "腐蝕酸液",
  "item_221131_name": "擾頻射線",
  "item_221132_name": "阻燃劑",
  "item_221133_name": "高能磁場",
  "item_221134_name": "挑撥離間",
  "item_222001_name": "經驗豐富",
  "item_222002_name": "身經百戰",
  "item_222003_name": "事半功倍",
  "item_222004_name": "老兵不死",
  "item_222011_name": "財源滾滾",
  "item_222012_name": "投機客",
  "item_222013_name": "金錢至上",
  "item_222014_name": "量化寬鬆",
  "item_222021_name": "強化訓練",
  "item_222022_name": "忠誠考驗",
  "item_222023_name": "訓練有素",
  "item_222024_name": "高級教官",
  "item_222031_name": "快速研發",
  "item_222032_name": "積體電路",
  "item_222033_name": "雲計算",
  "item_222034_name": "科技之光",
  "item_223001_name": "霸王龍吼",
  "item_223002_name": "隕星轟炸",
  "item_223003_name": "太陽能爆炸",
  "item_223004_name": "暗黑能量斬",
  "item_223005_name": "戰斧突擊",
  "item_223006_name": "火力全開",
  "item_223007_name": "堡壘都市",
  "item_223008_name": "重炮攻擊",
  "item_223009_name": "加農炮轟炸",
  "item_223010_name": "活動炮臺",
  "item_223011_name": "光子射線",
  "item_223012_name": "氖射線",
  "item_223013_name": "高能射線",
  "item_223014_name": "X射線衝擊",
  "item_223015_name": "壓力加農",
  "item_223016_name": "槍戰術",
  "item_223017_name": "審判",
  "item_223018_name": "毀滅彈雨",
  "item_223019_name": "火焰加農",
  "item_223020_name": "死亡酸雨",
  "item_223021_name": "聲波震盪",
  "item_224001_name": "空中打擊",
  "item_224002_name": "岩漿吐息",
  "item_224003_name": "火流星",
  "item_224004_name": "山崩地裂",
  "item_224005_name": "地震波",
  "item_224007_name": "突然襲擊",
  "item_224008_name": "時間凍結",
  "item_224010_name": "集中攻擊",
  "item_224011_name": "散彈攻擊",
  "item_224012_name": "高頻音彈",
  "item_224013_name": "穿甲彈",
  "item_224014_name": "熱追蹤導彈",
  "item_224015_name": "次聲波爆炸",
  "item_224016_name": "榴彈轟擊",
  "item_224017_name": "高速殺手",
  "item_224018_name": "空中射手",
  "item_224020_name": "妙手仁芯",
  "item_224021_name": "能效最大化",
  "item_224022_name": "偵察尖兵",
  "item_224023_name": "終極防禦",
  "item_224024_name": "可靠後盾",
  "item_224025_name": "炫光音波",
  "item_224026_name": "讀心術",
  "item_224027_name": "幻影移形",
  "item_224028_name": "時空裂隙",
  "item_224029_name": "間諜",
  "item_224030_name": "思維控制",
  "item_229999_name": "無敵神功",
  "item_230101_name": "生命芯片D級",
  "item_230102_name": "生命芯片C級",
  "item_230103_name": "生命芯片B級",
  "item_230104_name": "生命芯片A級",
  "item_230105_name": "生命芯片S級",
  "item_230201_name": "攻擊芯片D級",
  "item_230202_name": "攻擊芯片C級",
  "item_230203_name": "攻擊芯片B級",
  "item_230204_name": "攻擊芯片A級",
  "item_230205_name": "攻擊芯片S級",
  "item_230301_name": "防禦芯片D級",
  "item_230302_name": "防禦芯片C級",
  "item_230303_name": "防禦芯片B級",
  "item_230304_name": "防禦芯片A級",
  "item_230305_name": "防禦芯片S級",
  "item_230401_name": "速度芯片D級",
  "item_230402_name": "速度芯片C級",
  "item_230403_name": "速度芯片B級",
  "item_230404_name": "速度芯片A級",
  "item_230405_name": "速度芯片S級",
  "item_230501_name": "暴擊芯片D級",
  "item_230502_name": "暴擊芯片C級",
  "item_230503_name": "暴擊芯片B級",
  "item_230504_name": "暴擊芯片A級",
  "item_230505_name": "暴擊芯片S級",
  "item_230601_name": "防暴芯片D級",
  "item_230602_name": "防暴芯片C級",
  "item_230603_name": "防暴芯片B級",
  "item_230604_name": "防暴芯片A級",
  "item_230605_name": "防暴芯片S級",
  "item_230701_name": "格擋芯片D級",
  "item_230702_name": "格擋芯片C級",
  "item_230703_name": "格擋芯片B級",
  "item_230704_name": "格擋芯片A級",
  "item_230705_name": "格擋芯片S級",
  "item_230801_name": "破擊芯片D級",
  "item_230802_name": "破擊芯片C級",
  "item_230803_name": "破擊芯片B級",
  "item_230804_name": "破擊芯片A級",
  "item_230805_name": "破擊芯片S級",
  "item_240001_name": "培養能量塊",
  "item_240101_name": "科技能量塊",
  "item_240201_name": "突破能量塊",
  "item_240301_name": "中級經驗傳授",
  "item_240302_name": "初級經驗傳授",
  "item_240401_name": "行動恢復",
  "item_240501_name": "競技恢復",
  "item_240502_name": "搶奪恢復",
  "item_240601_name": "擴音器",
  "item_240701_name": "更名印章",
  "item_240801_name": "D級進化石",
  "item_240802_name": "C級進化石",
  "item_240803_name": "B級進化石",
  "item_240804_name": "A級進化石",
  "item_240805_name": "S級進化石",
  "item_240806_name": "SS級進化石",
  "item_240901_name": "黑市幣",
  "item_250001_name": "遠古物資箱",
  "item_250002_name": "技能物資箱",
  "item_250003_name": "強化物資箱",
  "item_250004_name": "S級物資箱",
  "item_250005_name": "S級技能箱",
  "item_250006_name": "艾麗塔的祝福",
  "item_250007_name": "密卡登君臨",
  "item_250101_name": "高級物資箱",
  "item_250102_name": "中級物資箱",
  "item_250103_name": "初級物資箱",
  "item_250201_name": "高級鑰匙",
  "item_250202_name": "中級鑰匙",
  "item_250203_name": "初級鑰匙",
  "item_260001_name": "能量晶礦包",
  "item_260002_name": "磁暴導彈箱",
  "item_260003_name": "地球防衛者箱",
  "item_260004_name": "戰斧突擊箱",
  "item_260005_name": "培養能量塊寶箱",
  "item_260006_name": "突破能量塊寶箱",
  "item_260007_name": "【柯博文】寶箱",
  "item_260008_name": "【曼多特】寶箱",
  "item_260009_name": "S武器培養強化包",
  "item_260010_name": "S防具突破成長包",
  "item_260011_name": "技能肥料箱",
  "item_260012_name": "塞柏坦星回饋包",
  "item_260013_name": "太空券拚搏寶箱",
  "item_260014_name": "新手裝備箱",
  "item_260015_name": "羅迪至尊宝箱",
  "item_260016_name": "葛維沖宝箱",
  "item_260017_name": "密卡登寶箱",
  "item_260018_name": "艾麗塔寶箱",
  "item_260019_name": "鋼鎖寶箱",
  "item_260020_name": "狂飆寶箱",
  "item_260021_name": "天王星寶箱",
  "item_251001_name": "S級技能碎片",
  "item_251002_name": "A級技能碎片",
  "item_251003_name": "B級技能碎片",
  "item_251004_name": "C級技能碎片",
  "item_251005_name": "D級技能碎片",
  "item_251006_name": "技能碎片",
  "item_251011_name": "S級塞星匙",
  "item_251012_name": "A級塞星匙",
  "item_251013_name": "B級塞星匙",
  "item_251014_name": "C級塞星匙",
  "item_251015_name": "D級塞星匙",
  "item_251016_name": "火種碎片",
  "item_251021_name": "S級武器",
  "item_251022_name": "A級武器",
  "item_251023_name": "B級武器",
  "item_251024_name": "C級武器",
  "item_251025_name": "D級武器",
  "item_251026_name": "所有武器",
  "item_251031_name": "S級防禦模組",
  "item_251032_name": "A級防禦模組",
  "item_251033_name": "B級防禦模組",
  "item_251034_name": "C級防禦模組",
  "item_251035_name": "D級防禦模組",
  "item_251036_name": "所有防具",
  "item_251041_name": "S級速度模組",
  "item_251042_name": "A級速度模組",
  "item_251043_name": "B級速度模組",
  "item_251044_name": "C級速度模組",
  "item_251045_name": "D級速度模組",
  "item_251046_name": "所有動力模組",
  "item_251051_name": "S級芯片",
  "item_251052_name": "A級芯片",
  "item_251053_name": "B級芯片",
  "item_251054_name": "C級芯片",
  "item_251055_name": "D級芯片",
  "item_251056_name": "所有芯片",
  "item_251061_name": "S級技能",
  "item_251062_name": "A級技能",
  "item_251063_name": "B級技能",
  "item_251064_name": "C級技能",
  "item_251065_name": "D級技能",
  "item_251066_name": "所有技能",
  "item_270101_name": "VIP1合金物資箱",
  "item_270102_name": "VIP2合金物資箱",
  "item_270103_name": "VIP3合金物資箱",
  "item_270104_name": "VIP4合金物資箱",
  "item_270105_name": "VIP5合金物資箱",
  "item_270106_name": "VIP6合金物資箱",
  "item_270107_name": "VIP7合金物資箱",
  "item_270108_name": "VIP8合金物資箱",
  "item_270109_name": "VIP9合金物資箱",
  "item_270110_name": "VIP10合金物資箱",
  "item_270111_name": "VIP11合金物資箱",
  "item_270112_name": "VIP12合金物資箱",
  "item_270113_name": "VIP13合金物資箱",
  "item_270114_name": "VIP14合金物資箱",
  "item_270115_name": "VIP15合金物資箱",
  "item_271001_name": "技能碎片盒",
  "item_280001_name": "太空幣",
  "item_290001_name": "太空券",
  "item_2011001_name": "柯博文",
  "item_2011002_name": "艾麗塔",
  "item_2011005_name": "鐵皮",
  "item_2011006_name": "克勞雅",
  "item_2011007_name": "飛輪",
  "item_2011008_name": "感應者",
  "item_2011009_name": "輪傑",
  "item_2011010_name": "鋼鎖",
  "item_2011011_name": "咆哮",
  "item_2011012_name": "火炭",
  "item_2011013_name": "淤泥",
  "item_2011014_name": "飛撲",
  "item_2011015_name": "馬格斯",
  "item_2011016_name": "爵士",
  "item_2011017_name": "巡弋者",
  "item_2011018_name": "煙幕",
  "item_2011019_name": "藍光",
  "item_2011020_name": "齒輪",
  "item_2011021_name": "哈佛",
  "item_2011022_name": "布朗",
  "item_2011023_name": "開路先鋒",
  "item_2011024_name": "天火",
  "item_2011025_name": "太陽紋",
  "item_2011026_name": "側掃",
  "item_2011027_name": "吉斯",
  "item_2011028_name": "紅色警戒",
  "item_2011029_name": "地獄",
  "item_2011030_name": "動力滑翔",
  "item_2011031_name": "浪花",
  "item_2011032_name": "探長",
  "item_2011033_name": "幻影",
  "item_2011034_name": "跳崖者",
  "item_2011035_name": "大黃蜂",
  "item_2011036_name": "回收",
  "item_2011037_name": "充風",
  "item_2011038_name": "基夫",
  "item_2011039_name": "舉升機",
  "item_2011040_name": "火翼星",
  "item_2011041_name": "小宇宙",
  "item_2011042_name": "巨浪",
  "item_2011043_name": "犀牛",
  "item_2011044_name": "重播",
  "item_2011045_name": "彈出",
  "item_2011046_name": "鋼爪",
  "item_2011047_name": "爆破者",
  "item_2011048_name": "曼多特",
  "item_2011049_name": "天豹",
  "item_2011050_name": "奧米加",
  "item_2011051_name": "布勒",
  "item_2011052_name": "肯普中士",
  "item_2011053_name": "羅迪至尊",
  "item_2011054_name": "威利",
  "item_2011055_name": "雅希",
  "item_2011056_name": "戰道",
  "item_2011057_name": "路霸",
  "item_2011058_name": "旋刃",
  "item_2011059_name": "空襲",
  "item_2011060_name": "彈弓",
  "item_2011061_name": "銀閃電",
  "item_2011062_name": "飛翔火",
  "item_2011063_name": "俯衝",
  "item_2011065_name": "史萊達",
  "item_2011066_name": "喬伊馳",
  "item_2011067_name": "格雷",
  "item_2011068_name": "夜擊",
  "item_2011069_name": "硬頭殼",
  "item_2011070_name": "駭爆",
  "item_2011071_name": "博朗思",
  "item_2011072_name": "基層跑首",
  "item_2011073_name": "刀鋒",
  "item_2011074_name": "危險地帶",
  "item_2012001_name": "密卡登",
  "item_2012002_name": "天王星",
  "item_2012003_name": "天彎",
  "item_2012004_name": "裂雷",
  "item_2012005_name": "酸風暴",
  "item_2012006_name": "太陽風暴",
  "item_2012007_name": "滑流",
  "item_2012008_name": "輓歌",
  "item_2012009_name": "突斯",
  "item_2012010_name": "噴射器",
  "item_2012011_name": "蝙蝠",
  "item_2012012_name": "殘殺",
  "item_2012013_name": "劍龍",
  "item_2012014_name": "雷響",
  "item_2012015_name": "疾瘋",
  "item_2012016_name": "鋸齒鳥",
  "item_2012017_name": "黑豹羅冰",
  "item_2012018_name": "雷射鷹",
  "item_2012019_name": "畢斯霸",
  "item_2012020_name": "音波",
  "item_2012021_name": "震波",
  "item_2012022_name": "洪災",
  "item_2012023_name": "阿卡維爾博士",
  "item_2012024_name": "黑暗柯博文",
  "item_2012025_name": "格納",
  "item_2012026_name": "火戰",
  "item_2012027_name": "暴龍金剛",
  "item_2012029_name": "浪客",
  "item_2012030_name": "遊民",
  "item_2012031_name": "黑翼",
  "item_2012032_name": "天煞",
  "item_2012033_name": "硬盾",
  "item_2012034_name": "神腿",
  "item_2012035_name": "鍬形蟲",
  "item_2012036_name": "毒魔",
  "item_2012037_name": "洗劫",
  "item_2012038_name": "屠夫",
  "item_2012039_name": "巴瑞",
  "item_2012040_name": "碎骨機",
  "item_2012041_name": "攪拌器",
  "item_2012042_name": "清道夫",
  "item_2012043_name": "拖斗",
  "item_2012044_name": "虎克",
  "item_2012045_name": "廢鐵",
  "item_2012047_name": "鐵頭",
  "item_2012048_name": "狂虎",
  "item_2012049_name": "飛鷹炮",
  "item_2012050_name": "利爪",
  "item_2012051_name": "坦創",
  "item_2012053_name": "奔馳",
  "item_2012054_name": "死巷",
  "item_2012055_name": "拋錨",
  "item_2012056_name": "狂野騎士",
  "item_2012057_name": "馬達大師",
  "item_2012059_name": "突擊",
  "item_2012060_name": "火爆",
  "item_2012061_name": "轟天雷",
  "item_2012062_name": "旋渦",
  "item_2012063_name": "騙子",
  "item_2012065_name": "探子",
  "item_2012066_name": "狂飆",
  "item_2012067_name": "葛維沖",
  "item_2012068_name": "怪狼",
  "item_2012069_name": "范格力",
  "item_2012070_name": "格羅爾",
  "item_2012071_name": "崔瑟",
  "item_2012072_name": "落擊",
  "item_2012073_name": "炸彈震",
  "item_2012074_name": "反射器",
  "item_2012075_name": "判官",
  "item_2012076_name": "吊索",
  "item_2021003_name": "火球彈碎片",
  "item_2021004_name": "乾冰打擊碎片",
  "item_2021005_name": "能量光束碎片",
  "item_2021006_name": "重拳打擊碎片",
  "item_2021011_name": "電能衝擊波碎片",
  "item_2021012_name": "鹽酸爆彈碎片",
  "item_2021013_name": "火焰掃射碎片",
  "item_2021021_name": "暗殺碎片",
  "item_2021022_name": "精確狙擊碎片",
  "item_2021023_name": "戰斧式導彈碎片",
  "item_2021024_name": "脈衝光束碎片",
  "item_2021031_name": "組合拳碎片",
  "item_2021032_name": "致盲光線碎片",
  "item_2021033_name": "火箭彈碎片",
  "item_2021034_name": "能量脈衝碎片",
  "item_2021041_name": "遠程打擊碎片",
  "item_2021042_name": "電磁脈衝彈碎片",
  "item_2021043_name": "冷凍波碎片",
  "item_2021044_name": "高能粒子彈碎片",
  "item_2021051_name": "熱力鐳射碎片",
  "item_2021052_name": "電弧直擊碎片",
  "item_2021053_name": "反物質衝擊碎片",
  "item_2021054_name": "碎地擊碎片",
  "item_2021061_name": "火之舞碎片",
  "item_2021062_name": "雷霆一擊碎片",
  "item_2021063_name": "急凍光束碎片",
  "item_2021064_name": "聲波炸彈碎片",
  "item_2021071_name": "音速轟炸碎片",
  "item_2021072_name": "棱鏡折射碎片",
  "item_2021073_name": "電磁風暴碎片",
  "item_2021074_name": "乙炔火焰碎片",
  "item_2021081_name": "巨人之怒碎片",
  "item_2021082_name": "正電子射線碎片",
  "item_2021083_name": "可擕式核彈碎片",
  "item_2021084_name": "絕對零度碎片",
  "item_2021101_name": "戰場救護碎片",
  "item_2021102_name": "應急處理碎片",
  "item_2021103_name": "全體休整碎片",
  "item_2021111_name": "電磁干擾碎片",
  "item_2021112_name": "步履蹣跚碎片",
  "item_2021113_name": "低溫領域碎片",
  "item_2021121_name": "音波衝擊碎片",
  "item_2021122_name": "暴露弱點碎片",
  "item_2021123_name": "酸雨污染碎片",
  "item_2021124_name": "腐蝕酸液碎片",
  "item_2021131_name": "擾頻射線碎片",
  "item_2021132_name": "阻燃劑碎片",
  "item_2021133_name": "高能磁場碎片",
  "item_2021134_name": "挑撥離間碎片",
  "item_2022001_name": "經驗豐富碎片",
  "item_2022002_name": "身經百戰碎片",
  "item_2022003_name": "事半功倍碎片",
  "item_2022004_name": "老兵不死碎片",
  "item_2022011_name": "財源滾滾碎片",
  "item_2022012_name": "投機客碎片",
  "item_2022013_name": "金錢至上碎片",
  "item_2022014_name": "量化寬鬆碎片",
  "item_2022021_name": "強化訓練碎片",
  "item_2022022_name": "忠誠考驗碎片",
  "item_2022023_name": "訓練有素碎片",
  "item_2022024_name": "高級教官碎片",
  "item_2022031_name": "快速研發碎片",
  "item_2022032_name": "積體電路碎片",
  "item_2022033_name": "雲計算碎片",
  "item_2022034_name": "科技之光碎片",
  "item_2024001_name": "空中打擊碎片",
  "item_2024002_name": "岩漿吐息碎片",
  "item_2024003_name": "火流星碎片",
  "item_2024004_name": "山崩地裂碎片",
  "item_2024005_name": "地震波碎片",
  "item_2024007_name": "突然襲擊碎片",
  "item_2024008_name": "時間凍結碎片",
  "item_2024010_name": "集中攻擊碎片",
  "item_2024011_name": "散彈攻擊碎片",
  "item_2024012_name": "高頻音彈碎片",
  "item_2024013_name": "穿甲彈碎片",
  "item_2024014_name": "熱追蹤導彈碎片",
  "item_2024015_name": "次聲波爆炸碎片",
  "item_2024016_name": "榴彈轟擊碎片",
  "item_2024017_name": "高速殺手碎片",
  "item_2024018_name": "空中射手碎片",
  "item_2024020_name": "妙手仁芯碎片",
  "item_2024021_name": "能效最大化碎片",
  "item_2024022_name": "偵察尖兵碎片",
  "item_2024023_name": "終極防禦碎片",
  "item_2024024_name": "可靠後盾碎片",
  "item_2024025_name": "炫光音波碎片",
  "item_2024026_name": "讀心術碎片",
  "item_2024027_name": "幻影移形碎片",
  "item_2024028_name": "時空裂隙碎片",
  "item_2024029_name": "間諜碎片",
  "item_2024030_name": "思維控制碎片",
  "item_211001_description": "攻擊力增加#{0}",
  "item_211002_description": "攻擊力增加#{0}",
  "item_211003_description": "攻擊力增加#{0}",
  "item_211004_description": "攻擊力增加#{0}",
  "item_211005_description": "攻擊力增加#{0}",
  "item_211006_description": "攻擊力增加#{0}",
  "item_211007_description": "攻擊力增加#{0}",
  "item_211008_description": "攻擊力增加#{0}",
  "item_211009_description": "攻擊力增加#{0}",
  "item_211010_description": "攻擊力增加#{0}",
  "item_211101_description": "攻擊力增加#{0}",
  "item_211102_description": "攻擊力增加#{0}",
  "item_211103_description": "攻擊力增加#{0}",
  "item_211104_description": "攻擊力增加#{0}",
  "item_211105_description": "攻擊力增加#{0}",
  "item_211106_description": "攻擊力增加#{0}",
  "item_211107_description": "攻擊力增加#{0}",
  "item_211108_description": "攻擊力增加#{0}",
  "item_211109_description": "攻擊力增加#{0}",
  "item_211110_description": "攻擊力增加#{0}",
  "item_211201_description": "攻擊力增加#{0}",
  "item_211202_description": "攻擊力增加#{0}",
  "item_211203_description": "攻擊力增加#{0}",
  "item_211204_description": "攻擊力增加#{0}",
  "item_211205_description": "攻擊力增加#{0}",
  "item_211206_description": "攻擊力增加#{0}",
  "item_211207_description": "攻擊力增加#{0}",
  "item_211208_description": "攻擊力增加#{0}",
  "item_211209_description": "攻擊力增加#{0}",
  "item_211210_description": "攻擊力增加#{0}",
  "item_211301_description": "攻擊力增加#{0}",
  "item_211302_description": "攻擊力增加#{0}",
  "item_211303_description": "攻擊力增加#{0}",
  "item_211304_description": "攻擊力增加#{0}",
  "item_211305_description": "攻擊力增加#{0}",
  "item_211306_description": "攻擊力增加#{0}",
  "item_211307_description": "攻擊力增加#{0}",
  "item_211308_description": "攻擊力增加#{0}",
  "item_211309_description": "攻擊力增加#{0}",
  "item_211310_description": "攻擊力增加#{0}",
  "item_211401_description": "攻擊力增加#{0}",
  "item_211402_description": "攻擊力增加#{0}",
  "item_211403_description": "攻擊力增加#{0}",
  "item_211404_description": "攻擊力增加#{0}",
  "item_211405_description": "攻擊力增加#{0}",
  "item_211406_description": "攻擊力增加#{0}",
  "item_211407_description": "攻擊力增加#{0}",
  "item_211408_description": "攻擊力增加#{0}",
  "item_211409_description": "攻擊力增加#{0}",
  "item_211410_description": "攻擊力增加#{0}",
  "item_212001_description": "防禦力增加#{0}",
  "item_212002_description": "防禦力增加#{0}",
  "item_212003_description": "防禦力增加#{0}",
  "item_212004_description": "防禦力增加#{0}",
  "item_212005_description": "防禦力增加#{0}",
  "item_212006_description": "防禦力增加#{0}",
  "item_212007_description": "防禦力增加#{0}",
  "item_212008_description": "防禦力增加#{0}",
  "item_212009_description": "防禦力增加#{0}",
  "item_212010_description": "防禦力增加#{0}",
  "item_212101_description": "防禦力增加#{0}",
  "item_212102_description": "防禦力增加#{0}",
  "item_212103_description": "防禦力增加#{0}",
  "item_212104_description": "防禦力增加#{0}",
  "item_212105_description": "防禦力增加#{0}",
  "item_212106_description": "防禦力增加#{0}",
  "item_212107_description": "防禦力增加#{0}",
  "item_212108_description": "防禦力增加#{0}",
  "item_212109_description": "防禦力增加#{0}",
  "item_212110_description": "防禦力增加#{0}",
  "item_212201_description": "防禦力增加#{0}",
  "item_212202_description": "防禦力增加#{0}",
  "item_212203_description": "防禦力增加#{0}",
  "item_212204_description": "防禦力增加#{0}",
  "item_212205_description": "防禦力增加#{0}",
  "item_212206_description": "防禦力增加#{0}",
  "item_212207_description": "防禦力增加#{0}",
  "item_212208_description": "防禦力增加#{0}",
  "item_212209_description": "防禦力增加#{0}",
  "item_212210_description": "防禦力增加#{0}",
  "item_212301_description": "防禦力增加#{0}",
  "item_212302_description": "防禦力增加#{0}",
  "item_212303_description": "防禦力增加#{0}",
  "item_212304_description": "防禦力增加#{0}",
  "item_212305_description": "防禦力增加#{0}",
  "item_212306_description": "防禦力增加#{0}",
  "item_212307_description": "防禦力增加#{0}",
  "item_212308_description": "防禦力增加#{0}",
  "item_212309_description": "防禦力增加#{0}",
  "item_212310_description": "防禦力增加#{0}",
  "item_212401_description": "防禦力增加#{0}",
  "item_212402_description": "防禦力增加#{0}",
  "item_212403_description": "防禦力增加#{0}",
  "item_212404_description": "防禦力增加#{0}",
  "item_212405_description": "防禦力增加#{0}",
  "item_212406_description": "防禦力增加#{0}",
  "item_212407_description": "防禦力增加#{0}",
  "item_212408_description": "防禦力增加#{0}",
  "item_212409_description": "防禦力增加#{0}",
  "item_212410_description": "防禦力增加#{0}",
  "item_213001_description": "速度增加#{0}",
  "item_213002_description": "速度增加#{0}",
  "item_213003_description": "速度增加#{0}",
  "item_213004_description": "速度增加#{0}",
  "item_213005_description": "速度增加#{0}",
  "item_213006_description": "速度增加#{0}",
  "item_213007_description": "速度增加#{0}",
  "item_213008_description": "速度增加#{0}",
  "item_213009_description": "速度增加#{0}",
  "item_213010_description": "速度增加#{0}",
  "item_213101_description": "速度增加#{0}",
  "item_213102_description": "速度增加#{0}",
  "item_213103_description": "速度增加#{0}",
  "item_213104_description": "速度增加#{0}",
  "item_213105_description": "速度增加#{0}",
  "item_213106_description": "速度增加#{0}",
  "item_213107_description": "速度增加#{0}",
  "item_213108_description": "速度增加#{0}",
  "item_213109_description": "速度增加#{0}",
  "item_213110_description": "速度增加#{0}",
  "item_213201_description": "速度增加#{0}",
  "item_213202_description": "速度增加#{0}",
  "item_213203_description": "速度增加#{0}",
  "item_213204_description": "速度增加#{0}",
  "item_213205_description": "速度增加#{0}",
  "item_213206_description": "速度增加#{0}",
  "item_213207_description": "速度增加#{0}",
  "item_213208_description": "速度增加#{0}",
  "item_213209_description": "速度增加#{0}",
  "item_213210_description": "速度增加#{0}",
  "item_213301_description": "速度增加#{0}",
  "item_213302_description": "速度增加#{0}",
  "item_213303_description": "速度增加#{0}",
  "item_213304_description": "速度增加#{0}",
  "item_213305_description": "速度增加#{0}",
  "item_213306_description": "速度增加#{0}",
  "item_213307_description": "速度增加#{0}",
  "item_213308_description": "速度增加#{0}",
  "item_213309_description": "速度增加#{0}",
  "item_213310_description": "速度增加#{0}",
  "item_213401_description": "速度增加#{0}",
  "item_213402_description": "速度增加#{0}",
  "item_213403_description": "速度增加#{0}",
  "item_213404_description": "速度增加#{0}",
  "item_213405_description": "速度增加#{0}",
  "item_213406_description": "速度增加#{0}",
  "item_213407_description": "速度增加#{0}",
  "item_213408_description": "速度增加#{0}",
  "item_213409_description": "速度增加#{0}",
  "item_213410_description": "速度增加#{0}",
  "item_211501_description": "攻擊力增加#{0}",
  "item_211502_description": "攻擊力增加#{0}",
  "item_211503_description": "攻擊力增加#{0}",
  "item_211504_description": "攻擊力增加#{0}",
  "item_211505_description": "攻擊力增加#{0}",
  "item_211506_description": "攻擊力增加#{0}",
  "item_211507_description": "攻擊力增加#{0}",
  "item_211508_description": "攻擊力增加#{0}",
  "item_211509_description": "攻擊力增加#{0}",
  "item_211510_description": "攻擊力增加#{0}",
  "item_211511_description": "攻擊力增加#{0}",
  "item_211512_description": "攻擊力增加#{0}",
  "item_211513_description": "攻擊力增加#{0}",
  "item_211514_description": "攻擊力增加#{0}",
  "item_211515_description": "攻擊力增加#{0}",
  "item_211516_description": "攻擊力增加#{0}",
  "item_211517_description": "攻擊力增加#{0}",
  "item_211518_description": "攻擊力增加#{0}",
  "item_211519_description": "攻擊力增加#{0}",
  "item_211520_description": "攻擊力增加#{0}",
  "item_213501_description": "攻擊力增加#{0}",
  "item_213502_description": "攻擊力增加#{0}",
  "item_213503_description": "攻擊力增加#{0}",
  "item_213504_description": "攻擊力增加#{0}",
  "item_213505_description": "攻擊力增加#{0}",
  "item_213506_description": "攻擊力增加#{0}",
  "item_213507_description": "攻擊力增加#{0}",
  "item_213508_description": "攻擊力增加#{0}",
  "item_213509_description": "攻擊力增加#{0}",
  "item_213510_description": "攻擊力增加#{0}",
  "item_213511_description": "攻擊力增加#{0}",
  "item_213512_description": "攻擊力增加#{0}",
  "item_213513_description": "攻擊力增加#{0}",
  "item_213514_description": "攻擊力增加#{0}",
  "item_213515_description": "攻擊力增加#{0}",
  "item_213516_description": "攻擊力增加#{0}",
  "item_213517_description": "攻擊力增加#{0}",
  "item_213518_description": "攻擊力增加#{0}",
  "item_213519_description": "攻擊力增加#{0}",
  "item_213520_description": "攻擊力增加#{0}",
  "item_212501_description": "攻擊力增加#{0}",
  "item_212502_description": "攻擊力增加#{0}",
  "item_221003_description": "對敵方單體造成普通攻擊的[color=FFFFF400]#{0}倍傷害[/color]",
  "item_221004_description": "對敵方單體造成普通攻擊的[color=FFFFF400]#{0}倍傷害[/color]",
  "item_221005_description": "對敵方單體造成普通攻擊的[color=FFFFF400]#{0}倍傷害[/color]",
  "item_221006_description": "對敵方單體造成普通攻擊的[color=FFFFF400]#{0}倍傷害[/color]",
  "item_221011_description": "對敵方小隊造成普通攻擊的[color=FFFFF400]#{0}倍傷害[/color]",
  "item_221012_description": "對敵方小隊造成普通攻擊的[color=FFFFF400]#{0}倍傷害[/color]",
  "item_221013_description": "對敵方小隊造成普通攻擊的[color=FFFFF400]#{0}倍傷害[/color]",
  "item_221021_description": "對敵方後排角色造成普通攻擊的[color=FFFFF400]#{0}倍傷害[/color]",
  "item_221022_description": "對敵方後排角色造成普通攻擊的[color=FFFFF400]#{0}倍傷害[/color]",
  "item_221023_description": "對敵方後排角色造成普通攻擊的[color=FFFFF400]#{0}倍傷害[/color]",
  "item_221024_description": "對敵方後排角色造成普通攻擊的[color=FFFFF400]#{0}倍傷害[/color]",
  "item_221031_description": "對敵方前排的隨機角色造成普通攻擊的[color=FFFFF400]#{0}倍傷害[/color]",
  "item_221032_description": "對敵方前排的隨機角色造成普通攻擊的[color=FFFFF400]#{0}倍傷害[/color]",
  "item_221033_description": "對敵方前排的隨機角色造成普通攻擊的[color=FFFFF400]#{0}倍傷害[/color]",
  "item_221034_description": "對敵方前排的隨機角色造成普通攻擊的[color=FFFFF400]#{0}倍傷害[/color]",
  "item_221041_description": "對敵方後排的隨機角色造成普通攻擊的[color=FFFFF400]#{0}倍傷害[/color]",
  "item_221042_description": "對敵方後排的隨機角色造成普通攻擊的[color=FFFFF400]#{0}倍傷害[/color]",
  "item_221043_description": "對敵方後排的隨機角色造成普通攻擊的[color=FFFFF400]#{0}倍傷害[/color]",
  "item_221044_description": "對敵方後排的隨機角色造成普通攻擊的[color=FFFFF400]#{0}倍傷害[/color]",
  "item_221051_description": "對敵方的隨機小隊造成普通攻擊的[color=FFFFF400]#{0}倍傷害[/color]",
  "item_221052_description": "對敵方的隨機小隊造成普通攻擊的[color=FFFFF400]#{0}倍傷害[/color]",
  "item_221053_description": "對敵方的隨機小隊造成普通攻擊的[color=FFFFF400]#{0}倍傷害[/color]",
  "item_221054_description": "對敵方的隨機小隊造成普通攻擊的[color=FFFFF400]#{0}倍傷害[/color]",
  "item_221061_description": "對敵方前排角色造成普通攻擊的[color=FFFFF400]#{0}倍傷害[/color]",
  "item_221062_description": "對敵方前排角色造成普通攻擊的[color=FFFFF400]#{0}倍傷害[/color]",
  "item_221063_description": "對敵方前排角色造成普通攻擊的[color=FFFFF400]#{0}倍傷害[/color]",
  "item_221064_description": "對敵方前排所有角色造成普通攻擊的[color=FFFFF400]#{0}倍傷害[/color]",
  "item_221071_description": "對敵方後排所有角色造成普通攻擊的[color=FFFFF400]#{0}倍傷害[/color]",
  "item_221072_description": "對敵方後排所有角色造成普通攻擊的[color=FFFFF400]#{0}倍傷害[/color]",
  "item_221073_description": "對敵方後排所有角色造成普通攻擊的[color=FFFFF400]#{0}倍傷害[/color]",
  "item_221074_description": "對敵方後排所有角色造成普通攻擊的[color=FFFFF400]#{0}倍傷害[/color]",
  "item_221081_description": "對敵方小隊造成普通攻擊的[color=FFFFF400]#{0}倍傷害[/color]",
  "item_221082_description": "對敵方所有小隊造成普通攻擊的[color=FFFFF400]#{0}倍傷害[/color]",
  "item_221083_description": "對敵方所有小隊造成普通攻擊的[color=FFFFF400]#{0}倍傷害[/color]",
  "item_221084_description": "對敵方所有小隊造成普通攻擊的[color=FFFFF400]#{0}倍傷害[/color]",
  "item_221101_description": "為友方前排角色[color=FFFFF400]回復#{0}的生命值[/color]",
  "item_221102_description": "為友方單體[color=FFFFF400]回復#{0}的生命值[/color]",
  "item_221103_description": "為友方所有小隊[color=FFFFF400]回復#{0}的生命值[/color]",
  "item_221111_description": "敵方小隊[color=FFFFF400]速度減慢#{0}[/color]",
  "item_221112_description": "敵方隨機角色[color=FFFFF400]速度減慢#{0}[/color]",
  "item_221113_description": "敵方所有小隊[color=FFFFF400]速度減慢#{0}[/color]",
  "item_221121_description": "敵方小隊[color=FFFFF400]防禦降低#{0}[/color]",
  "item_221122_description": "敵方隨機角色[color=FFFFF400]防禦降低#{0}[/color]",
  "item_221123_description": "敵方所有小隊[color=FFFFF400]防禦降低#{0}[/color]",
  "item_221124_description": "敵方前排所有角色[color=FFFFF400]防禦降低#{0}[/color]",
  "item_221131_description": "敵方小隊[color=FFFFF400]攻擊降低#{0}[/color]",
  "item_221132_description": "敵方隨機角色[color=FFFFF400]攻擊降低#{0}[/color]",
  "item_221133_description": "敵方所有小隊[color=FFFFF400]攻擊降低#{0}[/color]",
  "item_221134_description": "敵方後排所有角色[color=FFFFF400]攻擊降低#{0}[/color]",
  "item_222001_description": "指揮官獲得經驗值[color=FFFFF400]增加#{0}[/color]",
  "item_222002_description": "指揮官獲得經驗值[color=FFFFF400]增加#{0}[/color]",
  "item_222003_description": "指揮官獲得經驗值[color=FFFFF400]增加#{0}[/color]",
  "item_222004_description": "指揮官獲得經驗值[color=FFFFF400]增加#{0}[/color]",
  "item_222011_description": "生產獲得的能量塊[color=FFFFF400]增加#{0}[/color]",
  "item_222012_description": "生產獲得的能量塊[color=FFFFF400]增加#{0}[/color]",
  "item_222013_description": "生產獲得的能量塊[color=FFFFF400]增加#{0}[/color]",
  "item_222014_description": "生產獲得的能量塊[color=FFFFF400]增加#{0}[/color]",
  "item_222021_description": "角色訓練獲得的經驗值[color=FFFFF400]增加#{0}[/color]",
  "item_222022_description": "角色訓練獲得的經驗值[color=FFFFF400]增加#{0}[/color]",
  "item_222023_description": "角色訓練獲得的經驗值[color=FFFFF400]增加#{0}[/color]",
  "item_222024_description": "角色訓練獲得的經驗值[color=FFFFF400]增加#{0}[/color]",
  "item_222031_description": "科技冷卻時間槽[color=FFFFF400]增加#{0}[/color]",
  "item_222032_description": "科技冷卻時間槽[color=FFFFF400]增加#{0}[/color]",
  "item_222033_description": "科技冷卻時間槽[color=FFFFF400]增加#{0}[/color]",
  "item_222034_description": "科技冷卻時間槽[color=FFFFF400]增加#{0}[/color]",
  "item_223001_description": "對敵方所有小隊造成普通攻擊的[color=FFFFF400]#{0}倍傷害[/color]",
  "item_223002_description": "對敵方小隊造成普通攻擊的[color=FFFFF400]#{0}倍傷害[/color]",
  "item_223003_description": "對敵方所有小隊造成普通攻擊的[color=FFFFF400]#{0}倍傷害[/color]",
  "item_223004_description": "對敵方前排角色造成普通攻擊的[color=FFFFF400]#{0}倍傷害[/color]",
  "item_223005_description": "對敵方小隊造成普通攻擊的[color=FFFFF400]#{0}倍傷害[/color]",
  "item_223006_description": "對敵方小隊造成普通攻擊的[color=FFFFF400]#{0}倍傷害[/color]",
  "item_223007_description": "對敵方小隊造成普通攻擊的[color=FFFFF400]#{0}倍傷害[/color]",
  "item_223008_description": "對敵方單體造成普通攻擊的[color=FFFFF400]#{0}倍傷害[/color]",
  "item_223009_description": "對敵方後排角色造成普通攻擊的[color=FFFFF400]#{0}倍傷害[/color]",
  "item_223010_description": "對敵方所有小隊造成普通攻擊的[color=FFFFF400]#{0}倍傷害[/color]",
  "item_223011_description": "對敵方後排角色造成普通攻擊的[color=FFFFF400]#{0}倍傷害[/color]",
  "item_223012_description": "對敵方後排所有角色造成普通攻擊的[color=FFFFF400]#{0}倍傷害[/color]",
  "item_223013_description": "對敵方小隊造成普通攻擊的[color=FFFFF400]#{0}倍傷害[/color]",
  "item_223014_description": "對敵方所有小隊造成普通攻擊的[color=FFFFF400]#{0}倍傷害[/color]",
  "item_223015_description": "對敵方所有小隊造成普通攻擊的[color=FFFFF400]#{0}倍傷害[/color]",
  "item_223016_description": "對敵方所有小隊造成普通攻擊的[color=FFFFF400]#{0}倍傷害[/color]",
  "item_223017_description": "對敵方所有小隊造成普通攻擊的[color=FFFFF400]#{0}倍傷害[/color]",
  "item_223018_description": "對敵方所有小隊造成普通攻擊的[color=FFFFF400]#{0}倍傷害[/color]",
  "item_223019_description": "對敵方所有小隊造成普通攻擊的[color=FFFFF400]#{0}倍傷害[/color]",
  "item_223020_description": "對敵方所有小隊造成普通攻擊的[color=FFFFF400]#{0}倍傷害[/color]",
  "item_223021_description": "對敵方所有小隊造成普通攻擊的[color=FFFFF400]#{0}倍傷害[/color]",
  "item_224001_description": "對敵方單體造成普通攻擊的[color=FFFFF400]#{0}倍傷害[/color]",
  "item_224002_description": "對敵方單體造成普通攻擊的[color=FFFFF400]#{0}倍傷害[/color]",
  "item_224003_description": "對敵方前排的隨機角色造成普通攻擊的[color=FFFFF400]#{0}倍傷害[/color]",
  "item_224004_description": "對敵方小隊造成普通攻擊的[color=FFFFF400]#{0}倍傷害[/color]",
  "item_224005_description": "對敵方的隨機小隊造成普通攻擊的[color=FFFFF400]#{0}倍傷害[/color]",
  "item_224007_description": "對敵方後排角色造成普通攻擊的[color=FFFFF400]#{0}倍傷害[/color]",
  "item_224008_description": "敵方後排所有角色[color=FFFFF400]速度減慢#{0}[/color]",
  "item_224010_description": "對敵方前排角色造成普通攻擊的[color=FFFFF400]#{0}倍傷害[/color]",
  "item_224011_description": "對敵方前排所有角色造成普通攻擊的[color=FFFFF400]#{0}倍傷害[/color]",
  "item_224012_description": "對敵方的隨機小隊造成普通攻擊的[color=FFFFF400]#{0}倍傷害[/color]",
  "item_224013_description": "對敵方單體造成普通攻擊的[color=FFFFF400]#{0}倍傷害[/color]",
  "item_224014_description": "對敵方單體造成普通攻擊的[color=FFFFF400]#{0}倍傷害[/color]",
  "item_224015_description": "對敵方後排所有角色造成普通攻擊的[color=FFFFF400]#{0}倍傷害[/color]",
  "item_224016_description": "對敵方前排角色造成普通攻擊的[color=FFFFF400]#{0}倍傷害[/color]",
  "item_224017_description": "對敵方後排角色造成普通攻擊的[color=FFFFF400]#{0}倍傷害[/color]",
  "item_224018_description": "對敵方單體造成普通攻擊的[color=FFFFF400]#{0}倍傷害[/color]",
  "item_224020_description": "為友方前排角色[color=FFFFF400]回復#{0}的生命值[/color]",
  "item_224021_description": "為友方小隊[color=FFFFF400]回復#{0}的生命值[/color]",
  "item_224022_description": "當前角色速度加快#{0}",
  "item_224023_description": "當前角色防禦增加#{0}",
  "item_224024_description": "當前角色防禦增加#{0}",
  "item_224025_description": "敵方小隊[color=FFFFF400]攻擊降低#{0}[/color]",
  "item_224026_description": "敵方前排所有角色[color=FFFFF400]防禦降低#{0}[/color]",
  "item_224027_description": "敵方小隊[color=FFFFF400]攻擊降低#{0}[/color]",
  "item_224028_description": "敵方小隊[color=FFFFF400]攻擊降低#{0}[/color]",
  "item_224029_description": "敵方小隊[color=FFFFF400]防禦降低#{0}[/color]",
  "item_224030_description": "敵方所有小隊[color=FFFFF400]速度減慢#{0}[/color]",
  "item_229999_description": "對敵方所有小隊造成普通攻擊的[color=FFFFF400]#{0}倍傷害[/color]",
  "item_230101_description": "生命+120",
  "item_230102_description": "生命+240",
  "item_230103_description": "生命+360",
  "item_230104_description": "生命+480",
  "item_230105_description": "生命+600",
  "item_230201_description": "攻擊+120",
  "item_230202_description": "攻擊+240",
  "item_230203_description": "攻擊+360",
  "item_230204_description": "攻擊+480",
  "item_230205_description": "攻擊+600",
  "item_230301_description": "防禦+120",
  "item_230302_description": "防禦+240",
  "item_230303_description": "防禦+360",
  "item_230304_description": "防禦+480",
  "item_230305_description": "防禦+600",
  "item_230401_description": "速度+120",
  "item_230402_description": "速度+240",
  "item_230403_description": "速度+360",
  "item_230404_description": "速度+480",
  "item_230405_description": "速度+600",
  "item_230501_description": "暴擊+120",
  "item_230502_description": "暴擊+240",
  "item_230503_description": "暴擊+360",
  "item_230504_description": "暴擊+480",
  "item_230505_description": "暴擊+600",
  "item_230601_description": "防暴+120",
  "item_230602_description": "防暴+240",
  "item_230603_description": "防暴+360",
  "item_230604_description": "防暴+480",
  "item_230605_description": "防暴+600",
  "item_230701_description": "格擋+120",
  "item_230702_description": "格擋+240",
  "item_230703_description": "格擋+360",
  "item_230704_description": "格擋+480",
  "item_230705_description": "格擋+600",
  "item_230801_description": "破擊+120",
  "item_230802_description": "破擊+240",
  "item_230803_description": "破擊+360",
  "item_230804_description": "破擊+480",
  "item_230805_description": "破擊+600",
  "item_240001_description": "培養角色時需要的材料",
  "item_240101_description": "升級科技時需要的材料",
  "item_240201_description": "角色突破時需要的材料",
  "item_240301_description": "將某個角色80%的作戰經驗傳授給另一個角色",
  "item_240302_description": "將某個角色50%的作戰經驗傳授給另一個角色",
  "item_240401_description": "使用之後恢復5點行動力",
  "item_240501_description": "使用之後增加3次競技場挑戰機會",
  "item_240502_description": "使用之後增加3次碎片搶奪機會",
  "item_240601_description": "全服聊天用道具",
  "item_240701_description": "使用後可以更改自己的昵稱",
  "item_240801_description": "角色從D級進化到C級時所需要的材料",
  "item_240802_description": "角色從C級進化到B級時所需要的材料",
  "item_240803_description": "角色從B級進化到A級時所需要的材料",
  "item_240804_description": "角色從A級進化到S級時所需要的材料",
  "item_240805_description": "角色從S級進化到SS級時所需要的材料",
  "item_240806_description": "角色從SS級進化到SSS級時所需要的材料",
  "item_240901_description": "在黑市購買商品時使用的貨幣",
  "item_250001_description": "打開獲得各種作戰物資",
  "item_250002_description": "打開獲得一個B級或以上技能，最高可能獲得S級技能",
  "item_250003_description": "打開獲得B級以上技能或裝備",
  "item_250004_description": "打開獲得各種作戰物資，有極小概率獲得S級裝備",
  "item_250005_description": "打開獲得C級以上技能，有極小概率獲得S級技能碎片",
  "item_250006_description": "打開獲得各種作戰物資，有概率獲得艾麗塔的塞星匙",
  "item_250007_description": "打開獲得各種作戰物資，有概率獲得密卡登的塞星匙",
  "item_250101_description": "需要高級鑰匙才能開啟，開啟後可獲得各種作戰物資",
  "item_250102_description": "需要中級鑰匙才能開啟，開啟後可獲得各種作戰物資",
  "item_250103_description": "需要初級鑰匙才能開啟，開啟後可獲得各種作戰物資",
  "item_250201_description": "用於打開高級物資箱",
  "item_250202_description": "用於打開中級物資箱",
  "item_250203_description": "用於打開初級物資箱",
  "item_260001_description": "打開獲得突破能量塊100個，培養能量塊1000個",
  "item_260002_description": "稀有武器寶箱,可以開出各品質武器,最高可以獲得S級品質武器磁暴導彈.",
  "item_260003_description": "稀有的防具寶箱,可以開出各品質防具,最高可以獲得S級品質防具地球防衛者.",
  "item_260004_description": "柯博文天賦技能,強有力的小隊攻擊技能,所有角色都可以使用,此寶箱有概率開出此神技",
  "item_260005_description": "培養強悍武力必備物品，能夠增加角色各項三圍，單個寶箱最多可以開出100000個喔！",
  "item_260006_description": "能夠提升角色星級，突破界限，大幅增加戰力，單個寶箱最多可以開出5000個喔！",
  "item_260007_description": "有機率直接開出柯博文塞星匙30個，進化五次後，柯博文外形與能力將發生猛烈變化。",
  "item_260008_description": "有機率直接開出曼多特塞星匙30個，進化五次後，曼多特外形與能力都將發生強烈變化。",
  "item_260009_description": "S級武器出現概率翻倍產出，還可獲得各種日常消耗品",
  "item_260010_description": "S級防具出現概率翻倍產出，還可獲得各種日常消耗品",
  "item_260011_description": "升級技能的基礎原料,使用以後能夠快速的提高技能等級。",
  "item_260012_description": "內含100太空幣,以及參加塞柏坦星大樂透回饋資格",
  "item_260013_description": "保證100%『回本』，鐵定10%以上『多賺』，每日限購盡快搶購！",
  "item_260014_description": "內含A級品質武器以及A級品質防具，新手必備一路過關斬將，只限購買一次！",
  "item_260015_description": "頂級情感關係，夥伴搭配可以大大提升整體戰力，有機會直接開出30個羅迪至尊塞星匙",
  "item_260016_description": "攻擊優勢的強悍角色，隊伍攻擊的箭頭人物，有機會直接開出30個葛維沖塞星匙",
  "item_260017_description": "狂派首領，狂熱的破壞者，攻擊至尊，有機會直接開出30個密卡登塞星匙",
  "item_260018_description": "與柯博文一同上陣戰力大增，超高速度資質英雄，有概率直接開出30個塞星匙。",
  "item_260019_description": "威猛的鐵甲龍，【血厚攻高】，五項超強情感關係，有機會直接開出30個鋼鎖塞星匙",
  "item_260020_description": "速度快攻擊高，【速度流】先手必備，可大幅提升勝率，有機會直接開出30個狂飆塞星匙",
  "item_260021_description": "狂派代表人物之一，狂派情感關係必備，秒殺後排首選角色，有機會直接開出30個天王星塞星匙",
  "item_251001_description": "一個隨機的S級技能碎片",
  "item_251002_description": "一個隨機的A級技能碎片",
  "item_251003_description": "一個隨機的B級技能碎片",
  "item_251004_description": "一個隨機的C級技能碎片",
  "item_251005_description": "一個隨機的D級技能碎片",
  "item_251006_description": "一個隨機級別的技能碎片",
  "item_251011_description": "一個隨機S級角色的塞星匙",
  "item_251012_description": "一個隨機A級角色的塞星匙",
  "item_251013_description": "一個隨機B級角色的塞星匙",
  "item_251014_description": "一個隨機C級角色的塞星匙",
  "item_251015_description": "一個隨機D級角色的塞星匙",
  "item_251016_description": "一個隨機角色的塞星匙",
  "item_251021_description": "一件隨機的S級武器",
  "item_251022_description": "一件隨機的A級武器",
  "item_251023_description": "一件隨機的B級武器",
  "item_251024_description": "一件隨機的C級武器",
  "item_251025_description": "一件隨機的D級武器",
  "item_251026_description": "一件隨機級別的武器",
  "item_251031_description": "一件隨機的S級防禦模組",
  "item_251032_description": "一件隨機的A級防禦模組",
  "item_251033_description": "一件隨機的B級防禦模組",
  "item_251034_description": "一件隨機的C級防禦模組",
  "item_251035_description": "一件隨機的D級防禦模組",
  "item_251036_description": "一件隨機級別的防禦模組",
  "item_251041_description": "一件隨機的S級速度模組",
  "item_251042_description": "一件隨機的A級速度模組",
  "item_251043_description": "一件隨機的B級速度模組",
  "item_251044_description": "一件隨機的C級速度模組",
  "item_251045_description": "一件隨機的D級速度模組",
  "item_251046_description": "一件隨機級別的速度模組",
  "item_251051_description": "一片隨機的S級芯片",
  "item_251052_description": "一片隨機的A級芯片",
  "item_251053_description": "一片隨機的B級芯片",
  "item_251054_description": "一片隨機的C級芯片",
  "item_251055_description": "一片隨機的D級芯片",
  "item_251056_description": "一片隨機級別的芯片",
  "item_251061_description": "一個隨機的S級技能",
  "item_251062_description": "一個隨機的A級技能",
  "item_251063_description": "一個隨機的B級技能",
  "item_251064_description": "一個隨機的C級技能",
  "item_251065_description": "一個隨機的D級技能",
  "item_251066_description": "一個隨機級別的技能",
  "item_270101_description": "打開獲得大量作戰物資",
  "item_270102_description": "打開獲得大量作戰物資",
  "item_270103_description": "打開獲得大量作戰物資",
  "item_270104_description": "打開獲得大量作戰物資",
  "item_270105_description": "打開獲得大量作戰物資",
  "item_270106_description": "打開獲得大量作戰物資",
  "item_270107_description": "打開獲得大量作戰物資",
  "item_270108_description": "打開獲得大量作戰物資",
  "item_270109_description": "打開獲得大量作戰物資",
  "item_270110_description": "打開獲得大量作戰物資",
  "item_270111_description": "打開獲得大量作戰物資",
  "item_270112_description": "打開獲得大量作戰物資",
  "item_270113_description": "打開獲得大量作戰物資",
  "item_270114_description": "打開獲得大量作戰物資",
  "item_270115_description": "打開獲得大量作戰物資",
  "item_271001_description": "打開獲得一個隨機的技能碎片",
  "item_280001_description": "通用貨幣",
  "item_290001_description": "付費貨幣",
  "item_2011001_description": "[color=FFFFF400]30[/color]個合成[color=FFFFF400]柯博文[/color]",
  "item_2011002_description": "[color=FFFFF400]30[/color]個合成[color=FFFFF400]艾麗塔[/color]",
  "item_2011005_description": "[color=FFFFF400]30[/color]個合成[color=FFFFF400]鐵皮[/color]",
  "item_2011006_description": "[color=FFFFF400]20[/color]個合成[color=FFFFF400]克勞雅[/color]",
  "item_2011007_description": "[color=FFFFF400]20[/color]個合成[color=FFFFF400]飛輪[/color]",
  "item_2011008_description": "[color=FFFFF400]20[/color]個合成[color=FFFFF400]感應者[/color]",
  "item_2011009_description": "[color=FFFFF400]20[/color]個合成[color=FFFFF400]輪傑[/color]",
  "item_2011010_description": "[color=FFFFF400]30[/color]個合成[color=FFFFF400]鋼鎖[/color]",
  "item_2011011_description": "[color=FFFFF400]30[/color]個合成[color=FFFFF400]咆哮[/color]",
  "item_2011012_description": "[color=FFFFF400]30[/color]個合成[color=FFFFF400]火炭[/color]",
  "item_2011013_description": "[color=FFFFF400]30[/color]個合成[color=FFFFF400]淤泥[/color]",
  "item_2011014_description": "[color=FFFFF400]30[/color]個合成[color=FFFFF400]飛撲[/color]",
  "item_2011015_description": "[color=FFFFF400]30[/color]個合成[color=FFFFF400]馬格斯[/color]",
  "item_2011016_description": "[color=FFFFF400]20[/color]個合成[color=FFFFF400]爵士[/color]",
  "item_2011017_description": "[color=FFFFF400]30[/color]個合成[color=FFFFF400]巡弋者[/color]",
  "item_2011018_description": "[color=FFFFF400]15[/color]個合成[color=FFFFF400]煙幕[/color]",
  "item_2011019_description": "[color=FFFFF400]15[/color]個合成[color=FFFFF400]藍光[/color]",
  "item_2011020_description": "[color=FFFFF400]15[/color]個合成[color=FFFFF400]齒輪[/color]",
  "item_2011021_description": "[color=FFFFF400]15[/color]個合成[color=FFFFF400]哈佛[/color]",
  "item_2011022_description": "[color=FFFFF400]10[/color]個合成[color=FFFFF400]布朗[/color]",
  "item_2011023_description": "[color=FFFFF400]10[/color]個合成[color=FFFFF400]開路先鋒[/color]",
  "item_2011024_description": "[color=FFFFF400]30[/color]個合成[color=FFFFF400]天火[/color]",
  "item_2011025_description": "[color=FFFFF400]30[/color]個合成[color=FFFFF400]太陽紋[/color]",
  "item_2011026_description": "[color=FFFFF400]30[/color]個合成[color=FFFFF400]側掃[/color]",
  "item_2011027_description": "[color=FFFFF400]10[/color]個合成[color=FFFFF400]吉斯[/color]",
  "item_2011028_description": "[color=FFFFF400]15[/color]個合成[color=FFFFF400]紅色警戒[/color]",
  "item_2011029_description": "[color=FFFFF400]15[/color]個合成[color=FFFFF400]地獄[/color]",
  "item_2011030_description": "[color=FFFFF400]15[/color]個合成[color=FFFFF400]動力滑翔[/color]",
  "item_2011031_description": "[color=FFFFF400]10[/color]個合成[color=FFFFF400]浪花[/color]",
  "item_2011032_description": "[color=FFFFF400]30[/color]個合成[color=FFFFF400]探長[/color]",
  "item_2011033_description": "[color=FFFFF400]20[/color]個合成[color=FFFFF400]幻影[/color]",
  "item_2011034_description": "[color=FFFFF400]10[/color]個合成[color=FFFFF400]跳崖者[/color]",
  "item_2011035_description": "[color=FFFFF400]20[/color]個合成[color=FFFFF400]大黃蜂[/color]",
  "item_2011036_description": "[color=FFFFF400]5[/color]個合成[color=FFFFF400]回收[/color]",
  "item_2011037_description": "[color=FFFFF400]5[/color]個合成[color=FFFFF400]充風[/color]",
  "item_2011038_description": "[color=FFFFF400]5[/color]個合成[color=FFFFF400]基夫[/color]",
  "item_2011039_description": "[color=FFFFF400]5[/color]個合成[color=FFFFF400]舉升機[/color]",
  "item_2011040_description": "[color=FFFFF400]20[/color]個合成[color=FFFFF400]火翼星[/color]",
  "item_2011041_description": "[color=FFFFF400]15[/color]個合成[color=FFFFF400]小宇宙[/color]",
  "item_2011042_description": "[color=FFFFF400]15[/color]個合成[color=FFFFF400]巨浪[/color]",
  "item_2011043_description": "[color=FFFFF400]5[/color]個合成[color=FFFFF400]犀牛[/color]",
  "item_2011044_description": "[color=FFFFF400]5[/color]個合成[color=FFFFF400]重播[/color]",
  "item_2011045_description": "[color=FFFFF400]5[/color]個合成[color=FFFFF400]彈出[/color]",
  "item_2011046_description": "[color=FFFFF400]5[/color]個合成[color=FFFFF400]鋼爪[/color]",
  "item_2011047_description": "[color=FFFFF400]20[/color]個合成[color=FFFFF400]爆破者[/color]",
  "item_2011048_description": "[color=FFFFF400]30[/color]個合成[color=FFFFF400]曼多特[/color]",
  "item_2011049_description": "[color=FFFFF400]30[/color]個合成[color=FFFFF400]天豹[/color]",
  "item_2011050_description": "[color=FFFFF400]30[/color]個合成[color=FFFFF400]奧米加[/color]",
  "item_2011051_description": "[color=FFFFF400]15[/color]個合成[color=FFFFF400]布勒[/color]",
  "item_2011052_description": "[color=FFFFF400]30[/color]個合成[color=FFFFF400]肯普中士[/color]",
  "item_2011053_description": "[color=FFFFF400]30[/color]個合成[color=FFFFF400]羅迪至尊[/color]",
  "item_2011054_description": "[color=FFFFF400]5[/color]個合成[color=FFFFF400]威利[/color]",
  "item_2011055_description": "[color=FFFFF400]20[/color]個合成[color=FFFFF400]雅希[/color]",
  "item_2011056_description": "[color=FFFFF400]10[/color]個合成[color=FFFFF400]戰道[/color]",
  "item_2011057_description": "[color=FFFFF400]10[/color]個合成[color=FFFFF400]路霸[/color]",
  "item_2011058_description": "[color=FFFFF400]10[/color]個合成[color=FFFFF400]旋刃[/color]",
  "item_2011059_description": "[color=FFFFF400]15[/color]個合成[color=FFFFF400]空襲[/color],他是組合金剛[color=FFFFF400]速伯利昂[/color]的成員",
  "item_2011060_description": "[color=FFFFF400]15[/color]個合成[color=FFFFF400]彈弓[/color],他是組合金剛[color=FFFFF400]速伯利昂[/color]的成員",
  "item_2011061_description": "[color=FFFFF400]20[/color]個合成[color=FFFFF400]銀閃電[/color],他是組合金剛[color=FFFFF400]速伯利昂[/color]的成員",
  "item_2011062_description": "[color=FFFFF400]15[/color]個合成[color=FFFFF400]飛翔火[/color],他是組合金剛[color=FFFFF400]速伯利昂[/color]的成員",
  "item_2011063_description": "[color=FFFFF400]20[/color]個合成[color=FFFFF400]俯衝[/color],他是組合金剛[color=FFFFF400]速伯利昂[/color]的成員",
  "item_2011065_description": "[color=FFFFF400]10[/color]個合成[color=FFFFF400]史萊達[/color]",
  "item_2011066_description": "[color=FFFFF400]10[/color]個合成[color=FFFFF400]喬伊馳[/color]",
  "item_2011067_description": "[color=FFFFF400]10[/color]個合成[color=FFFFF400]格雷[/color]",
  "item_2011068_description": "[color=FFFFF400]10[/color]個合成[color=FFFFF400]夜擊[/color]",
  "item_2011069_description": "[color=FFFFF400]10[/color]個合成[color=FFFFF400]硬頭殼[/color]",
  "item_2011070_description": "[color=FFFFF400]10[/color]個合成[color=FFFFF400]駭爆[/color]",
  "item_2011071_description": "[color=FFFFF400]10[/color]個合成[color=FFFFF400]博朗思[/color]",
  "item_2011072_description": "[color=FFFFF400]15[/color]個合成[color=FFFFF400]基層跑首[/color]",
  "item_2011073_description": "[color=FFFFF400]20[/color]個合成[color=FFFFF400]刀鋒[/color]",
  "item_2011074_description": "[color=FFFFF400]20[/color]個合成[color=FFFFF400]危險地帶[/color]",
  "item_2012001_description": "[color=FFFFF400]30[/color]個合成[color=FFFFF400]密卡登[/color]",
  "item_2012002_description": "[color=FFFFF400]30[/color]個合成[color=FFFFF400]天王星[/color]",
  "item_2012003_description": "[color=FFFFF400]30[/color]個合成[color=FFFFF400]天彎[/color]",
  "item_2012004_description": "[color=FFFFF400]30[/color]個合成[color=FFFFF400]裂雷[/color]",
  "item_2012005_description": "[color=FFFFF400]20[/color]個合成[color=FFFFF400]酸風暴[/color]",
  "item_2012006_description": "[color=FFFFF400]30[/color]個合成[color=FFFFF400]太陽風暴[/color]",
  "item_2012007_description": "[color=FFFFF400]20[/color]個合成[color=FFFFF400]滑流[/color]",
  "item_2012008_description": "[color=FFFFF400]20[/color]個合成[color=FFFFF400]輓歌[/color]",
  "item_2012009_description": "[color=FFFFF400]20[/color]個合成[color=FFFFF400]突斯[/color]",
  "item_2012010_description": "[color=FFFFF400]20[/color]個合成[color=FFFFF400]噴射器[/color]",
  "item_2012011_description": "[color=FFFFF400]5[/color]個合成[color=FFFFF400]蝙蝠[/color]",
  "item_2012012_description": "[color=FFFFF400]5[/color]個合成[color=FFFFF400]殘殺[/color]",
  "item_2012013_description": "[color=FFFFF400]5[/color]個合成[color=FFFFF400]劍龍[/color]",
  "item_2012014_description": "[color=FFFFF400]20[/color]個合成[color=FFFFF400]雷響[/color]",
  "item_2012015_description": "[color=FFFFF400]20[/color]個合成[color=FFFFF400]疾瘋[/color]",
  "item_2012016_description": "[color=FFFFF400]5[/color]個合成[color=FFFFF400]鋸齒鳥[/color]",
  "item_2012017_description": "[color=FFFFF400]20[/color]個合成[color=FFFFF400]黑豹羅冰[/color]",
  "item_2012018_description": "[color=FFFFF400]5[/color]個合成[color=FFFFF400]雷射鷹[/color]",
  "item_2012019_description": "[color=FFFFF400]15[/color]個合成[color=FFFFF400]畢斯霸[/color]",
  "item_2012020_description": "[color=FFFFF400]30[/color]個合成[color=FFFFF400]音波[/color]",
  "item_2012021_description": "[color=FFFFF400]30[/color]個合成[color=FFFFF400]震波[/color]",
  "item_2012022_description": "[color=FFFFF400]15[/color]個合成[color=FFFFF400]洪災[/color]",
  "item_2012023_description": "[color=FFFFF400]20[/color]個合成[color=FFFFF400]阿卡維爾博士[/color]",
  "item_2012024_description": "[color=FFFFF400]30[/color]個合成[color=FFFFF400]黑暗柯博文[/color]",
  "item_2012025_description": "[color=FFFFF400]10[/color]個合成[color=FFFFF400]格納[/color]",
  "item_2012026_description": "[color=FFFFF400]30[/color]個合成[color=FFFFF400]火戰[/color]",
  "item_2012027_description": "[color=FFFFF400]30[/color]個合成[color=FFFFF400]暴龍金剛[/color]",
  "item_2012029_description": "[color=FFFFF400]10[/color]個合成[color=FFFFF400]浪客[/color]",
  "item_2012030_description": "[color=FFFFF400]10[/color]個合成[color=FFFFF400]遊民[/color]",
  "item_2012031_description": "[color=FFFFF400]10[/color]個合成[color=FFFFF400]黑翼[/color]",
  "item_2012032_description": "[color=FFFFF400]10[/color]個合成[color=FFFFF400]天煞[/color]",
  "item_2012033_description": "[color=FFFFF400]20[/color]個合成[color=FFFFF400]硬盾[/color]",
  "item_2012034_description": "[color=FFFFF400]15[/color]個合成[color=FFFFF400]神腿[/color]",
  "item_2012035_description": "[color=FFFFF400]20[/color]個合成[color=FFFFF400]鍬形蟲[/color]",
  "item_2012036_description": "[color=FFFFF400]20[/color]個合成[color=FFFFF400]毒魔[/color]",
  "item_2012037_description": "[color=FFFFF400]5[/color]個合成[color=FFFFF400]洗劫[/color]",
  "item_2012038_description": "[color=FFFFF400]5[/color]個合成[color=FFFFF400]屠夫[/color]",
  "item_2012039_description": "[color=FFFFF400]15[/color]個合成[color=FFFFF400]巴瑞[/color]",
  "item_2012040_description": "[color=FFFFF400]20[/color]個合成[color=FFFFF400]碎骨機[/color],他是組合金剛[color=FFFFF400]蹂躪者[/color]的成員",
  "item_2012041_description": "[color=FFFFF400]20[/color]個合成[color=FFFFF400]攪拌器[/color],他是組合金剛[color=FFFFF400]蹂躪者[/color]的成員",
  "item_2012042_description": "[color=FFFFF400]20[/color]個合成[color=FFFFF400]清道夫[/color],他是組合金剛[color=FFFFF400]蹂躪者[/color]的成員",
  "item_2012043_description": "[color=FFFFF400]20[/color]個合成[color=FFFFF400]拖斗[/color],他是組合金剛[color=FFFFF400]蹂躪者[/color]的成員",
  "item_2012044_description": "[color=FFFFF400]20[/color]個合成[color=FFFFF400]虎克[/color],他是組合金剛[color=FFFFF400]蹂躪者[/color]的成員",
  "item_2012045_description": "[color=FFFFF400]20[/color]個合成[color=FFFFF400]廢鐵[/color],他是組合金剛[color=FFFFF400]蹂躪者[/color]的成員",
  "item_2012047_description": "[color=FFFFF400]20[/color]個合成[color=FFFFF400]鐵頭[/color],他是組合金剛[color=FFFFF400]掠食王[/color]的成員",
  "item_2012048_description": "[color=FFFFF400]20[/color]個合成[color=FFFFF400]狂虎[/color],他是組合金剛[color=FFFFF400]掠食王[/color]的成員",
  "item_2012049_description": "[color=FFFFF400]20[/color]個合成[color=FFFFF400]飛鷹炮[/color],他是組合金剛[color=FFFFF400]掠食王[/color]的成員",
  "item_2012050_description": "[color=FFFFF400]20[/color]個合成[color=FFFFF400]利爪[/color],他是組合金剛[color=FFFFF400]掠食王[/color]的成員",
  "item_2012051_description": "[color=FFFFF400]20[/color]個合成[color=FFFFF400]坦創[/color],他是組合金剛[color=FFFFF400]掠食王[/color]的成員",
  "item_2012053_description": "[color=FFFFF400]20[/color]個合成[color=FFFFF400]奔馳[/color],他是組合金剛[color=FFFFF400]威脅者[/color]的成員",
  "item_2012054_description": "[color=FFFFF400]20[/color]個合成[color=FFFFF400]死巷[/color],他是組合金剛[color=FFFFF400]威脅者[/color]的成員",
  "item_2012055_description": "[color=FFFFF400]20[/color]個合成[color=FFFFF400]拋錨[/color],他是組合金剛[color=FFFFF400]威脅者[/color]的成員",
  "item_2012056_description": "[color=FFFFF400]20[/color]個合成[color=FFFFF400]狂野騎士[/color],他是組合金剛[color=FFFFF400]威脅者[/color]的成員",
  "item_2012057_description": "[color=FFFFF400]20[/color]個合成[color=FFFFF400]馬達大師[/color],他是組合金剛[color=FFFFF400]威脅者[/color]的成員",
  "item_2012059_description": "[color=FFFFF400]20[/color]个合成[color=FFFFF400]突擊[/color],他是组合金刚[color=FFFFF400]布魯提卡斯[/color]的成员",
  "item_2012060_description": "[color=FFFFF400]20[/color]个合成[color=FFFFF400]火爆[/color],他是组合金刚[color=FFFFF400]布魯提卡斯[/color]的成员",
  "item_2012061_description": "[color=FFFFF400]20[/color]个合成[color=FFFFF400]轟天雷[/color],他是组合金刚[color=FFFFF400]布魯提卡斯[/color]的成员",
  "item_2012062_description": "[color=FFFFF400]20[/color]个合成[color=FFFFF400]旋渦[/color],他是组合金刚[color=FFFFF400]布魯提卡斯[/color]的成员",
  "item_2012063_description": "[color=FFFFF400]20[/color]个合成[color=FFFFF400]騙子[/color],他是组合金刚[color=FFFFF400]布魯提卡斯[/color]的成员",
  "item_2012065_description": "[color=FFFFF400]30[/color]個合成[color=FFFFF400]探子[/color]",
  "item_2012066_description": "[color=FFFFF400]30[/color]個合成[color=FFFFF400]狂飆[/color]",
  "item_2012067_description": "[color=FFFFF400]30[/color]個合成[color=FFFFF400]葛維沖[/color]",
  "item_2012068_description": "[color=FFFFF400]10[/color]個合成[color=FFFFF400]怪狼[/color]",
  "item_2012069_description": "[color=FFFFF400]10[/color]個合成[color=FFFFF400]范格力[/color]",
  "item_2012070_description": "[color=FFFFF400]15[/color]個合成[color=FFFFF400]格羅爾[/color]",
  "item_2012071_description": "[color=FFFFF400]15[/color]個合成[color=FFFFF400]崔瑟[/color]",
  "item_2012072_description": "[color=FFFFF400]15[/color]個合成[color=FFFFF400]落擊[/color]",
  "item_2012073_description": "[color=FFFFF400]15[/color]個合成[color=FFFFF400]炸彈震[/color]",
  "item_2012074_description": "[color=FFFFF400]5[/color]個合成[color=FFFFF400]反射器[/color]",
  "item_2012075_description": "[color=FFFFF400]10[/color]個合成[color=FFFFF400]判官[/color]",
  "item_2012076_description": "[color=FFFFF400]10[/color]個合成[color=FFFFF400]吊索[/color]",
  "item_2021003_description": "用於合成火球彈",
  "item_2021004_description": "用於合成乾冰打擊",
  "item_2021005_description": "用於合成能量光束",
  "item_2021006_description": "用於合成重拳打擊",
  "item_2021011_description": "用於合成電能衝擊波",
  "item_2021012_description": "用於合成鹽酸爆彈",
  "item_2021013_description": "用於合成火焰掃射",
  "item_2021021_description": "用於合成暗殺",
  "item_2021022_description": "用於合成精確狙擊",
  "item_2021023_description": "用於合成戰斧式導彈",
  "item_2021024_description": "用於合成脈衝光束",
  "item_2021031_description": "用於合成組合拳",
  "item_2021032_description": "用於合成致盲光線",
  "item_2021033_description": "用於合成火箭彈",
  "item_2021034_description": "用於合成能量脈衝",
  "item_2021041_description": "用於合成遠程打擊",
  "item_2021042_description": "用於合成電磁脈衝彈",
  "item_2021043_description": "用於合成冷凍波",
  "item_2021044_description": "用於合成高能粒子彈",
  "item_2021051_description": "用於合成熱力鐳射",
  "item_2021052_description": "用於合成電弧直擊",
  "item_2021053_description": "用於合成反物質衝擊",
  "item_2021054_description": "用於合成碎地擊",
  "item_2021061_description": "用於合成火之舞",
  "item_2021062_description": "用於合成雷霆一擊",
  "item_2021063_description": "用於合成急凍光束",
  "item_2021064_description": "用於合成聲波炸彈",
  "item_2021071_description": "用於合成音速轟炸",
  "item_2021072_description": "用於合成棱鏡折射",
  "item_2021073_description": "用於合成電磁風暴",
  "item_2021074_description": "用於合成乙炔火焰",
  "item_2021081_description": "用於合成巨人之怒",
  "item_2021082_description": "用於合成正電子射線",
  "item_2021083_description": "用於合成可擕式核彈",
  "item_2021084_description": "用於合成絕對零度",
  "item_2021101_description": "用於合成戰場救護",
  "item_2021102_description": "用於合成應急處理",
  "item_2021103_description": "用於合成全體休整",
  "item_2021111_description": "用於合成電磁干擾",
  "item_2021112_description": "用於合成步履蹣跚",
  "item_2021113_description": "用於合成低溫領域",
  "item_2021121_description": "用於合成音波衝擊",
  "item_2021122_description": "用於合成暴露弱點",
  "item_2021123_description": "用於合成酸雨污染",
  "item_2021124_description": "用於合成腐蝕酸液",
  "item_2021131_description": "用於合成擾頻射線",
  "item_2021132_description": "用於合成阻燃劑",
  "item_2021133_description": "用於合成高能磁場",
  "item_2021134_description": "用於合成挑撥離間",
  "item_2022001_description": "用於合成經驗豐富",
  "item_2022002_description": "用於合成身經百戰",
  "item_2022003_description": "用於合成事半功倍",
  "item_2022004_description": "用於合成老兵不死",
  "item_2022011_description": "用於合成財源滾滾",
  "item_2022012_description": "用於合成投機客",
  "item_2022013_description": "用於合成金錢至上",
  "item_2022014_description": "用於合成量化寬鬆",
  "item_2022021_description": "用於合成強化訓練",
  "item_2022022_description": "用於合成忠誠考驗",
  "item_2022023_description": "用於合成訓練有素",
  "item_2022024_description": "用於合成高級教官",
  "item_2022031_description": "用於合成快速研發",
  "item_2022032_description": "用於合成積體電路",
  "item_2022033_description": "用於合成雲計算",
  "item_2022034_description": "用於合成科技之光",
  "item_2024001_description": "用於合成空中打擊",
  "item_2024002_description": "用於合成岩漿吐息",
  "item_2024003_description": "用於合成火流星",
  "item_2024004_description": "用於合成山崩地裂",
  "item_2024005_description": "用於合成地震波",
  "item_2024007_description": "用於合成突然襲擊",
  "item_2024008_description": "用於合成時間凍結",
  "item_2024010_description": "用於合成集中攻擊",
  "item_2024011_description": "用於合成散彈攻擊",
  "item_2024012_description": "用於合成高頻音彈",
  "item_2024013_description": "用於合成穿甲彈",
  "item_2024014_description": "用於合成熱追蹤導彈",
  "item_2024015_description": "用於合成次聲波爆炸",
  "item_2024016_description": "用於合成榴彈轟擊",
  "item_2024017_description": "用於合成高速殺手",
  "item_2024018_description": "用於合成空中射手",
  "item_2024020_description": "用於合成妙手仁芯",
  "item_2024021_description": "用於合成能效最大化",
  "item_2024022_description": "用於合成偵察尖兵",
  "item_2024023_description": "用於合成終極防禦",
  "item_2024024_description": "用於合成可靠後盾",
  "item_2024025_description": "用於合成炫光音波",
  "item_2024026_description": "用於合成讀心術",
  "item_2024027_description": "用於合成幻影移形",
  "item_2024028_description": "用於合成時空裂隙",
  "item_2024029_description": "用於合成間諜",
  "item_2024030_description": "用於合成思維控制"
}