{
  "ELS_OAUTH": "正在登錄, 請稍候",
  "ELS_CHECK_BINARY_UPDATE": "正在驗證遊戲版本",
  "ELS_GET_SERVER_LIST": "正在獲取伺服器列表",
  "ELS_CHECK_APPFRAME_UPDATE": "正在檢查遊戲資源,請稍候",
  "ELS_CHECK_CONFIG_UPDATE": "正在檢查遊戲配置",
  "ELS_CHECK_DYNAMIC_UPDATE": "正在檢查遊戲圖片",
  "ELS_COPY_APPFRAME_UPDATE": "正在解壓遊戲資源",
  "ELS_COPY_APPFRAME_UPDATE_NEW": "解壓中(不使用網路流量).請稍後...",
  "ELS_COPY_CONFIG_UPDATE": "正在解壓遊戲配置",
  "ELS_COPY_DYNAMIC_UPDATE": "正在解壓遊戲圖片",
  "ELS_DOWNLOAD_APPFRAME_UPDATE": "正在下載遊戲更新",
  "ELS_DOWNLOAD_CONFIG_UPDATE": "正在下載遊戲配置",
  "ELS_DOWNLOAD_DYNAMIC_UPDATE": "正在下載遊戲圖片",
  "ELS_UPDATING": "正在更新, 請耐心等待",
  "ELS_LOGIN": "正在連接伺服器, 請稍候",
  "ELS_LOADING": "正在載入遊戲中, 請稍候",
  "message_ask_download_appframe": "發現資源更新, 大小為%dk, 是否下載？",
  "message_ask_download_config": "發現配置更新, 大小為%dk, 是否下載？",
  "message_ask_download_dynamic": "發現角色資源更新, 大小為%dk, 是否下載？",
  "message_oauth_error_temp": "認證失敗, 請檢查您的網路後重試. 錯誤號8002",
  "message_oauth_error_veri": "認證失敗, 請檢查您的網路後重試. 錯誤號8003",
  "message_oauth_error_token": "認證失敗, 請檢查您的網路後重試. 錯誤號8004",
  "message_oauth_error_unknown": "認證失敗, 請檢查您的網路後重試. 錯誤號8009",
  "app_name": "Transformers II",
  "error_download_framwork_title": "錯誤",
  "error_download_framwork_message": "更新資源失敗。",
  "error_dialog_retry": "重試",
  "error_get_server_list": "獲取伺服器列表失敗",
  "error_invalid_affcode": "獲取伺服器列表失敗, 認證未通過.",
  "error_download_config": "更新設定檔失敗",
  "error_copy_file_space_not_enough": "您的儲存空間不足。需要%.2f%s解壓資源, 您剩餘%.2f%s空間.",
  "message_download_config": "更新設定檔中...",
  "message_download_framework": "更新遊戲資源...",
  "message_network_error": "網路錯誤，請檢查網路",
  "message_server_maintain": "伺服器維護中，請登錄夢寶谷官網查看詳情",
  "message_login_error": "登陸遊戲失敗，錯誤碼 %d",
  "message_error_forbid_login": "您的帳號已被凍結",
  "message_error_not_allow_new": "您選擇的伺服器無法創建新帳號, 請選擇其他伺服器.",
  "message_select_server": "請選擇伺服器",
  "alert_prompt_title": "提示",
  "last_login": "最近登陸",
  "server_list": "伺服器列表",
  "server_status_normal": "空閒",
  "server_status_busy": "忙碌",
  "server_status_full": "爆滿",
  "btn_text_error_get_server_list": "重試",
  "btn_comfirm": "確定",
  "btn_confirm": "確定",
  "btn_cancel": "取消",
  "btn_retry": "重新載入",
  "btn_quit": "退出"
}