{
  "vip_1_desc": "消費3#{0}成為VIP1，享受以下特權\n\n劇情戰鬥中掉落[color=FFFFF400]太空幣增加5%[/color]\n每日[color=FFFFF400]行動恢復[/color]次數增至[color=FFFFF400]3次[/color]\n[color=FFFFF400]科技冷卻時間[/color]上限增至[color=FFFFF400]180分鐘[/color]\n獲得購買[color=FFFFF400]VIP1禮包[/color]資格\n\nVIP1合金物資箱包含以下內容\n太空幣 X1000\n突破能量塊 X20\n行動恢復 X1",
  "vip_2_desc": "消費15#{0}成為VIP2，享受以下特權\n\n開啟裝備的[color=FFFFF400]連續強化功能[/color][color=FFFF0000](NEW)[/color]\n劇情戰鬥中掉落[color=FFFFF400]太空幣增加5%[/color]\n每日[color=FFFFF400]試煉次數[/color]增至[color=FFFFF400]12次[/color][color=FFFF0000](NEW)[/color]\n每日[color=FFFFF400]行動恢復[/color]次數增至[color=FFFFF400]3次[/color]\n可[color=FFFFF400]重置關卡[/color]挑戰次數增至[color=FFFFF400]1次[/color][color=FFFF0000](NEW)[/color]\n[color=FFFFF400]科技冷卻時間[/color]上限增至[color=FFFFF400]210分鐘[/color]\n獲得購買[color=FFFFF400]VIP2禮包[/color]資格\n\nVIP2合金物資箱包含以下內容\n太空幣 X2000\n突破能量塊 X40\n行動恢復 X2",
  "vip_3_desc": "消費30#{0}成為VIP3，享受以下特權\n\n開啟裝備的[color=FFFFF400]連續強化功能[/color]\n開啟劇情戰鬥的[color=FFFFF400]掃蕩功能[/color][color=FFFF0000](NEW)[/color]\n劇情戰鬥中掉落[color=FFFFF400]太空幣增加10%[/color]\n每日[color=FFFFF400]試煉次數[/color]增至[color=FFFFF400]12次[/color]\n每日[color=FFFFF400]行動恢復[/color]次數增至[color=FFFFF400]3次[/color]\n每日[color=FFFFF400]競技恢復[/color]次數增至[color=FFFFF400]3次[/color][color=FFFF0000](NEW)[/color]\n可[color=FFFFF400]重置關卡[/color]挑戰次數增至[color=FFFFF400]1次[/color]\n[color=FFFFF400]科技冷卻時間[/color]上限增至[color=FFFFF400]240分鐘[/color]\n獲得購買[color=FFFFF400]VIP3禮包[/color]資格\n\nVIP3合金物資箱包含以下內容\n太空幣 X3000\n突破能量塊 X60\n行動恢復 X2",
  "vip_4_desc": "消費50#{0}成為VIP4，享受以下特權\n\n開啟裝備的[color=FFFFF400]連續強化功能[/color]\n開啟劇情戰鬥的[color=FFFFF400]掃蕩功能[/color]\n劇情戰鬥中掉落[color=FFFFF400]太空幣增加10%[/color]\n每日[color=FFFFF400]試煉次數[/color]增至[color=FFFFF400]12次[/color]\n每日[color=FFFFF400]行動恢復[/color]次數增至[color=FFFFF400]4次[/color]\n每日[color=FFFFF400]競技恢復[/color]次數增至[color=FFFFF400]3次[/color]\n每日[color=FFFFF400]搶奪恢復[/color]次數增至[color=FFFFF400]3次[/color][color=FFFF0000](NEW)[/color]\n可[color=FFFFF400]重置關卡[/color]挑戰次數增至[color=FFFFF400]1次[/color]\n[color=FFFFF400]科技冷卻時間[/color]上限增至[color=FFFFF400]270分鐘[/color]\n獲得購買[color=FFFFF400]VIP4禮包[/color]資格\n\nVIP4合金物資箱包含以下內容\nS級角色-柯博文的塞星匙 X3\nA級技能 X1\n太空幣 X5000\n突破能量塊 X100\n行動恢復 X2",
  "vip_5_desc": "消費75#{0}成為VIP5，享受以下特權\n\n開啟裝備的[color=FFFFF400]連續強化功能[/color]\n開啟劇情戰鬥的[color=FFFFF400]掃蕩功能[/color]\n劇情戰鬥中掉落[color=FFFFF400]太空幣增加10%[/color]\n每日[color=FFFFF400]試煉次數[/color]增至[color=FFFFF400]14次[/color]\n每日[color=FFFFF400]行動恢復[/color]次數增至[color=FFFFF400]4次[/color]\n每日[color=FFFFF400]競技恢復[/color]次數增至[color=FFFFF400]3次[/color]\n每日[color=FFFFF400]搶奪恢復[/color]次數增至[color=FFFFF400]3次[/color]\n可[color=FFFFF400]重置關卡[/color]挑戰次數增至[color=FFFFF400]2次[/color]\n[color=FFFFF400]科技冷卻時間[/color]上限增至[color=FFFFF400]300分鐘[/color]\n獲得購買[color=FFFFF400]VIP5禮包[/color]資格\n\nVIP5合金物資箱包含以下內容\nS級角色-柯博文的塞星匙 X4\nA級防具 X1\n太空幣 X10000\n突破能量塊 X200\n行動恢復 X5",
  "vip_6_desc": "消費100#{0}成為VIP6，享受以下特權\n\n開啟裝備的[color=FFFFF400]連續強化功能[/color]\n開啟劇情戰鬥的[color=FFFFF400]掃蕩功能[/color]\n劇情戰鬥中掉落[color=FFFFF400]太空幣增加15%[/color]\n每日[color=FFFFF400]試煉次數[/color]增至[color=FFFFF400]14次[/color]\n每日[color=FFFFF400]行動恢復[/color]次數增至[color=FFFFF400]4次[/color]\n每日[color=FFFFF400]競技恢復[/color]次數增至[color=FFFFF400]4次[/color]\n每日[color=FFFFF400]搶奪恢復[/color]次數增至[color=FFFFF400]3次[/color]\n可[color=FFFFF400]重置關卡[/color]挑戰次數增至[color=FFFFF400]2次[/color]\n[color=FFFFF400]科技冷卻時間[/color]上限增至[color=FFFFF400]360分鐘[/color]\n獲得購買[color=FFFFF400]VIP6禮包[/color]資格\n\nVIP6合金物資箱包含以下內容\nS級角色-柯博文的塞星匙 X7\nA級武器 X1\n太空幣 X15000\n突破能量塊 X300\n行動恢復 X5",
  "vip_7_desc": "消費150#{0}成為VIP7，享受以下特權\n\n開啟裝備的[color=FFFFF400]連續強化功能[/color]\n開啟劇情戰鬥的[color=FFFFF400]掃蕩功能[/color]\n劇情戰鬥中掉落[color=FFFFF400]太空幣增加15%[/color]\n每日[color=FFFFF400]試煉次數[/color]增至[color=FFFFF400]14次[/color]\n每日[color=FFFFF400]行動恢復[/color]次數增至[color=FFFFF400]4次[/color]\n每日[color=FFFFF400]競技恢復[/color]次數增至[color=FFFFF400]4次[/color]\n每日[color=FFFFF400]搶奪恢復[/color]次數增至[color=FFFFF400]4次[/color]\n可[color=FFFFF400]重置關卡[/color]挑戰次數增至[color=FFFFF400]2次[/color]\n[color=FFFFF400]科技冷卻時間[/color]上限增至[color=FFFFF400]390分鐘[/color]\n獲得購買[color=FFFFF400]VIP7禮包[/color]資格\n\nVIP7合金物資箱包含以下內容\nS級角色-柯博文的塞星匙 X10\nA級動力 X1\n太空幣 X20000\n突破能量塊 X400\n行動恢復 X5",
  "vip_8_desc": "消費300#{0}成為VIP8，享受以下特權\n\n開啟裝備的[color=FFFFF400]連續強化功能[/color]\n開啟劇情戰鬥的[color=FFFFF400]掃蕩功能[/color]\n劇情戰鬥中掉落[color=FFFFF400]太空幣增加15%[/color]\n每日[color=FFFFF400]試煉次數[/color]增至[color=FFFFF400]16次[/color]\n每日[color=FFFFF400]行動恢復[/color]次數增至[color=FFFFF400]5次[/color]\n每日[color=FFFFF400]競技恢復[/color]次數增至[color=FFFFF400]5次[/color]\n每日[color=FFFFF400]搶奪恢復[/color]次數增至[color=FFFFF400]4次[/color]\n可[color=FFFFF400]重置關卡[/color]挑戰次數增至[color=FFFFF400]2次[/color]\n[color=FFFFF400]科技冷卻時間[/color]上限增至[color=FFFFF400]420分鐘[/color]\n獲得購買[color=FFFFF400]VIP8禮包[/color]資格\n\nVIP8合金物資箱包含以下內容\nS級角色-柯博文的塞星匙 X11\n防禦晶片A級 X1\nS級技能 X1\n太空幣 X30000\n突破能量塊 X600\n行動恢復 X8",
  "vip_9_desc": "消費500#{0}成為VIP9，享受以下特權\n\n開啟裝備的[color=FFFFF400]連續強化功能[/color]\n開啟劇情戰鬥的[color=FFFFF400]掃蕩功能[/color]\n劇情戰鬥中掉落[color=FFFFF400]太空幣增加15%[/color]\n每日[color=FFFFF400]試煉次數[/color]增至[color=FFFFF400]16次[/color]\n每日[color=FFFFF400]行動恢復[/color]次數增至[color=FFFFF400]5次[/color]\n每日[color=FFFFF400]競技恢復[/color]次數增至[color=FFFFF400]6次[/color]\n每日[color=FFFFF400]搶奪恢復[/color]次數增至[color=FFFFF400]5次[/color]\n可[color=FFFFF400]重置關卡[/color]挑戰次數增至[color=FFFFF400]2次[/color]\n[color=FFFFF400]科技冷卻時間[/color]上限增至[color=FFFFF400]450分鐘[/color]\n獲得購買[color=FFFFF400]VIP9禮包[/color]資格\n\nVIP9合金物資箱包含以下內容\nS級角色-柯博文的塞星匙 X12\n攻擊晶片S級 X1\n太空幣 X40000\n突破能量塊 X800\n行動恢復 X8",
  "vip_10_desc": "消費750#{0}成為VIP10，享受以下特權\n\n開啟裝備的[color=FFFFF400]連續強化功能[/color]\n開啟劇情戰鬥的[color=FFFFF400]掃蕩功能[/color]\n開啟[color=FFFFF400]VIP訓練室[/color]功能[color=FFFF0000](NEW)[/color]\n劇情戰鬥中掉落[color=FFFFF400]太空幣增加15%[/color]\n每日[color=FFFFF400]試煉次數[/color]增至[color=FFFFF400]18次[/color]\n每日[color=FFFFF400]行動恢復[/color]次數增至[color=FFFFF400]5次[/color]\n每日[color=FFFFF400]競技恢復[/color]次數增至[color=FFFFF400]6次[/color]\n每日[color=FFFFF400]搶奪恢復[/color]次數增至[color=FFFFF400]5次[/color]\n可[color=FFFFF400]重置關卡[/color]挑戰次數增至[color=FFFFF400]3次[/color]\n[color=FFFFF400]科技冷卻時間[/color]上限增至[color=FFFFF400]480分鐘[/color]\n獲得購買[color=FFFFF400]VIP10禮包[/color]資格\n\nVIP10合金物資箱包含以下內容\nS級角色-柯博文的塞星匙 X13\n生命晶片A級 X1\nS級防具 X1\n太空幣 X60000\n突破能量塊 X1200\n行動恢復 X8",
  "vip_11_desc": "消費1000#{0}成為VIP11，享受以下特權\n\n開啟裝備的[color=FFFFF400]連續強化功能[/color]\n開啟劇情戰鬥的[color=FFFFF400]掃蕩功能[/color]\n開啟[color=FFFFF400]VIP訓練室[/color]功能\n劇情戰鬥中掉落[color=FFFFF400]太空幣增加20%[/color]\n每日[color=FFFFF400]試煉次數[/color]增至[color=FFFFF400]20次[/color]\n每日[color=FFFFF400]行動恢復[/color]次數增至[color=FFFFF400]5次[/color]\n每日[color=FFFFF400]競技恢復[/color]次數增至[color=FFFFF400]6次[/color]\n每日[color=FFFFF400]搶奪恢復[/color]次數增至[color=FFFFF400]6次[/color]\n可[color=FFFFF400]重置關卡[/color]挑戰次數增至[color=FFFFF400]3次[/color]\n[color=FFFFF400]科技冷卻時間[/color]上限增至[color=FFFFF400]540分鐘[/color]\n獲得購買[color=FFFFF400]VIP11禮包[/color]資格\n\nVIP11合金物資箱包含以下內容\nS級角色-柯博文的塞星匙 X14\n攻擊晶片A級 X1\nS級武器 X1\n太空幣 X120000\n突破能量塊 X2400\n行動恢復 X8",
  "vip_12_desc": "消費2000#{0}成為VIP12，享受以下特權\n\n開啟裝備的[color=FFFFF400]連續強化功能[/color]\n開啟劇情戰鬥的[color=FFFFF400]掃蕩功能[/color]\n開啟[color=FFFFF400]VIP訓練室[/color]功能\n劇情戰鬥中掉落[color=FFFFF400]太空幣增加20%[/color]\n每日[color=FFFFF400]試煉次數[/color]增至[color=FFFFF400]22次[/color]\n每日[color=FFFFF400]行動恢復[/color]次數增至[color=FFFFF400]6次[/color]\n每日[color=FFFFF400]競技恢復[/color]次數增至[color=FFFFF400]6次[/color]\n每日[color=FFFFF400]搶奪恢復[/color]次數增至[color=FFFFF400]6次[/color]\n可[color=FFFFF400]重置關卡[/color]挑戰次數增至[color=FFFFF400]4次[/color]\n[color=FFFFF400]科技冷卻時間[/color]上限增至[color=FFFFF400]570分鐘[/color]\n獲得購買[color=FFFFF400]VIP12禮包[/color]資格\n\nVIP12合金物資箱包含以下內容\nS級角色-柯博文的塞星匙 X16\n速度晶片A級 X1\nS級動力 X1\n太空幣 X180000\n突破能量塊 X3600\n行動恢復 X10",
  "vip_13_desc": "消費4000#{0}成為VIP13，享受以下特權\n\n開啟裝備的[color=FFFFF400]連續強化功能[/color]\n開啟劇情戰鬥的[color=FFFFF400]掃蕩功能[/color]\n開啟[color=FFFFF400]VIP訓練室[/color]功能\n劇情戰鬥中掉落[color=FFFFF400]太空幣增加20%[/color]\n每日[color=FFFFF400]試煉次數[/color]增至[color=FFFFF400]24次[/color]\n每日[color=FFFFF400]行動恢復[/color]次數增至[color=FFFFF400]6次[/color]\n每日[color=FFFFF400]競技恢復[/color]次數增至[color=FFFFF400]7次[/color]\n每日[color=FFFFF400]搶奪恢復[/color]次數增至[color=FFFFF400]7次[/color]\n可[color=FFFFF400]重置關卡[/color]挑戰次數增至[color=FFFFF400]4次[/color]\n[color=FFFFF400]科技冷卻時間[/color]上限增至[color=FFFFF400]600分鐘[/color]\n獲得購買[color=FFFFF400]VIP13禮包[/color]資格\n\nVIP13合金物資箱包含以下內容\nS級角色-柯博文的塞星匙 X18\n生命晶片S級 X1\nS級防具 X1\n太空幣 X240000\n突破能量塊 X4800\n行動恢復 X10",
  "vip_14_desc": "消費7500#{0}成為VIP14，享受以下特權\n\n開啟裝備的[color=FFFFF400]連續強化功能[/color]\n開啟劇情戰鬥的[color=FFFFF400]掃蕩功能[/color]\n開啟[color=FFFFF400]VIP訓練室[/color]功能\n劇情戰鬥中掉落[color=FFFFF400]太空幣增加20%[/color]\n每日[color=FFFFF400]試煉次數[/color]增至[color=FFFFF400]26次[/color]\n每日[color=FFFFF400]行動恢復[/color]次數增至[color=FFFFF400]6次[/color]\n每日[color=FFFFF400]競技恢復[/color]次數增至[color=FFFFF400]8次[/color]\n每日[color=FFFFF400]搶奪恢復[/color]次數增至[color=FFFFF400]8次[/color]\n可[color=FFFFF400]重置關卡[/color]挑戰次數增至[color=FFFFF400]4次[/color]\n[color=FFFFF400]科技冷卻時間[/color]上限增至[color=FFFFF400]660分鐘[/color]\n獲得購買[color=FFFFF400]VIP14禮包[/color]資格\n\nVIP14合金物資箱包含以下內容\nS級角色-柯博文的塞星匙 X20\nS級技能 X1\n防禦晶片S級 X1\nS級武器 X1\n太空幣 X360000\n突破能量塊 X7200\n行動恢復 X10",
  "vip_15_desc": "消費15000#{0}成為VIP15，享受以下特權\n\n開啟裝備的[color=FFFFF400]連續強化功能[/color]\n開啟劇情戰鬥的[color=FFFFF400]掃蕩功能[/color]\n開啟[color=FFFFF400]VIP訓練室[/color]功能\n劇情戰鬥中掉落[color=FFFFF400]太空幣增加30%[/color]\n每日[color=FFFFF400]試煉次數[/color]增至[color=FFFFF400]30次[/color]\n每日[color=FFFFF400]行動恢復[/color]次數增至[color=FFFFF400]8次[/color]\n每日[color=FFFFF400]競技恢復[/color]次數增至[color=FFFFF400]10次[/color]\n每日[color=FFFFF400]搶奪恢復[/color]次數增至[color=FFFFF400]10次[/color]\n可[color=FFFFF400]重置關卡[/color]挑戰次數增至[color=FFFFF400]5次[/color]\n[color=FFFFF400]科技冷卻時間[/color]上限增至[color=FFFFF400]720分鐘[/color]\n獲得購買[color=FFFFF400]VIP15禮包[/color]資格\n\nVIP15合金物資箱包含以下內容\nS級角色-柯博文的塞星匙 X22\nS級武器 X1\nS級技能 X1\n速度晶片S級 X1\nS級動力 X1\n太空幣 X500000\n突破能量塊 X10000\n行動恢復 X12"
}